[info] No GPU chosen and no suitable GPU found, falling back to CPU.
[info] First time Hailo Dataflow Compiler is being used. Checking system requirements... (this might take a few seconds)
[[1;36mInfo[0m] No GPU connected.
[info] Translation started on ONNX model segformer_b0_ade
[info] Restored ONNX model segformer_b0_ade (completion time: 00:00:00.03)
[info] Extracted ONNXRuntime meta-data for Hailo model (completion time: 00:00:00.40)
[info] Start nodes mapped from original model: 'pixel_values': 'segformer_b0_ade/input_layer1'.
[info] End nodes mapped from original model: 'node_conv2d_23'.
[info] Translation completed on ONNX model segformer_b0_ade (completion time: 00:00:02.27)
[segformer] translate: ok (3.6s)
[info] Loading model script commands to segformer_b0_ade from string
[info] Found model with 3 input channels, using real RGB images for calibration instead of sampling random data.
[info] Starting Model Optimization
[warning] Reducing optimization level to 0 (the accuracy won't be optimized and compression won't be used) because there's less data than the recommended amount (1024), and there's no available GPU
[warning] Running model optimization with zero level of optimization is not recommended for production use and might lead to suboptimal accuracy results
[info] Model received quantization params from the hn
[info] MatmulDecompose skipped
[info] Starting Mixed Precision
[info] Model Optimization Algorithm Mixed Precision is done (completion time is 00:00:01.28)
[info] Starting LayerNorm Decomposition
[info] Using dataset with 64 entries for calibration
Calibration:   0%|          | 0/64 [00:00<?, ?entries/s]Calibration:   2%|▏         | 1/64 [00:09<10:11,  9.70s/entries]Calibration:   3%|▎         | 2/64 [00:09<04:11,  4.06s/entries]Calibration:   5%|▍         | 3/64 [00:09<02:17,  2.26s/entries]Calibration:   6%|▋         | 4/64 [00:10<01:24,  1.41s/entries]Calibration:   8%|▊         | 5/64 [00:10<00:55,  1.06entries/s]Calibration:   9%|▉         | 6/64 [00:10<00:38,  1.52entries/s]Calibration:  11%|█         | 7/64 [00:10<00:27,  2.09entries/s]Calibration:  12%|█▎        | 8/64 [00:10<00:20,  2.77entries/s]Calibration:  14%|█▍        | 9/64 [00:10<00:15,  3.56entries/s]Calibration:  16%|█▌        | 10/64 [00:10<00:12,  4.39entries/s]Calibration:  17%|█▋        | 11/64 [00:10<00:10,  5.22entries/s]Calibration:  19%|█▉        | 12/64 [00:10<00:08,  6.06entries/s]Calibration:  20%|██        | 13/64 [00:11<00:07,  6.74entries/s]Calibration:  22%|██▏       | 14/64 [00:11<00:06,  7.36entries/s]Calibration:  23%|██▎       | 15/64 [00:11<00:06,  7.84entries/s]Calibration:  25%|██▌       | 16/64 [00:11<00:05,  8.21entries/s]Calibration:  27%|██▋       | 17/64 [00:11<00:05,  8.52entries/s]Calibration:  28%|██▊       | 18/64 [00:11<00:05,  8.74entries/s]Calibration:  30%|██▉       | 19/64 [00:11<00:05,  8.92entries/s]Calibration:  31%|███▏      | 20/64 [00:11<00:04,  9.05entries/s]Calibration:  33%|███▎      | 21/64 [00:11<00:04,  9.10entries/s]Calibration:  34%|███▍      | 22/64 [00:11<00:04,  9.15entries/s]Calibration:  36%|███▌      | 23/64 [00:12<00:04,  9.18entries/s]Calibration:  38%|███▊      | 24/64 [00:12<00:04,  9.19entries/s]Calibration:  39%|███▉      | 25/64 [00:12<00:04,  9.20entries/s]Calibration:  41%|████      | 26/64 [00:12<00:04,  9.19entries/s]Calibration:  42%|████▏     | 27/64 [00:12<00:04,  9.21entries/s]Calibration:  44%|████▍     | 28/64 [00:12<00:03,  9.22entries/s]Calibration:  45%|████▌     | 29/64 [00:12<00:03,  9.23entries/s]Calibration:  47%|████▋     | 30/64 [00:12<00:03,  9.23entries/s]Calibration:  48%|████▊     | 31/64 [00:12<00:03,  9.28entries/s]Calibration:  50%|█████     | 32/64 [00:13<00:03,  9.29entries/s]Calibration:  52%|█████▏    | 33/64 [00:13<00:03,  9.31entries/s]Calibration:  53%|█████▎    | 34/64 [00:13<00:03,  9.32entries/s]Calibration:  55%|█████▍    | 35/64 [00:13<00:03,  9.30entries/s]Calibration:  56%|█████▋    | 36/64 [00:13<00:02,  9.37entries/s]Calibration:  58%|█████▊    | 37/64 [00:13<00:02,  9.36entries/s]Calibration:  59%|█████▉    | 38/64 [00:13<00:02,  9.34entries/s]Calibration:  61%|██████    | 39/64 [00:13<00:02,  9.34entries/s]Calibration:  62%|██████▎   | 40/64 [00:13<00:02,  9.28entries/s]Calibration:  64%|██████▍   | 41/64 [00:14<00:02,  9.33entries/s]Calibration:  66%|██████▌   | 42/64 [00:14<00:02,  9.37entries/s]Calibration:  67%|██████▋   | 43/64 [00:14<00:02,  9.36entries/s]Calibration:  69%|██████▉   | 44/64 [00:14<00:02,  9.34entries/s]Calibration:  70%|███████   | 45/64 [00:14<00:02,  9.34entries/s]Calibration:  72%|███████▏  | 46/64 [00:14<00:01,  9.36entries/s]Calibration:  73%|███████▎  | 47/64 [00:14<00:01,  9.33entries/s]Calibration:  75%|███████▌  | 48/64 [00:14<00:01,  9.35entries/s]Calibration:  77%|███████▋  | 49/64 [00:14<00:01,  9.33entries/s]Calibration:  78%|███████▊  | 50/64 [00:14<00:01,  9.34entries/s]Calibration:  80%|███████▉  | 51/64 [00:15<00:01,  9.30entries/s]Calibration:  81%|████████▏ | 52/64 [00:15<00:01,  9.35entries/s]Calibration:  83%|████████▎ | 53/64 [00:15<00:01,  9.34entries/s]Calibration:  84%|████████▍ | 54/64 [00:15<00:01,  9.31entries/s]Calibration:  86%|████████▌ | 55/64 [00:15<00:00,  9.32entries/s]Calibration:  88%|████████▊ | 56/64 [00:15<00:00,  9.33entries/s]Calibration:  89%|████████▉ | 57/64 [00:15<00:00,  9.29entries/s]Calibration:  91%|█████████ | 58/64 [00:15<00:00,  9.28entries/s]Calibration:  92%|█████████▏| 59/64 [00:15<00:00,  9.29entries/s]Calibration:  94%|█████████▍| 60/64 [00:16<00:00,  9.33entries/s]Calibration:  95%|█████████▌| 61/64 [00:16<00:00,  9.37entries/s]Calibration:  97%|█████████▋| 62/64 [00:16<00:00,  9.36entries/s]Calibration:  98%|█████████▊| 63/64 [00:16<00:00,  9.32entries/s]Calibration: 100%|██████████| 64/64 [00:16<00:00,  9.32entries/s]Calibration: 100%|██████████| 64/64 [00:16<00:00,  9.32entries/s]Calibration: 100%|██████████| 64/64 [00:16<00:00,  3.88entries/s]
[info] Model Optimization Algorithm LayerNorm Decomposition is done (completion time is 00:00:28.94)
[info] Starting Statistics Collector
[info] Using dataset with 64 entries for calibration
Calibration:   0%|          | 0/64 [00:00<?, ?entries/s]Calibration:   2%|▏         | 1/64 [01:30<1:34:32, 90.05s/entries]Calibration:   3%|▎         | 2/64 [01:30<38:34, 37.33s/entries]  Calibration:   5%|▍         | 3/64 [01:30<20:48, 20.46s/entries]Calibration:   6%|▋         | 4/64 [01:31<12:32, 12.54s/entries]Calibration:   8%|▊         | 5/64 [01:31<08:01,  8.16s/entries]Calibration:   9%|▉         | 6/64 [01:32<05:20,  5.52s/entries]Calibration:  11%|█         | 7/64 [01:32<03:38,  3.84s/entries]Calibration:  12%|█▎        | 8/64 [01:32<02:33,  2.74s/entries]Calibration:  14%|█▍        | 9/64 [01:33<01:50,  2.00s/entries]Calibration:  16%|█▌        | 10/64 [01:33<01:21,  1.50s/entries]Calibration:  17%|█▋        | 11/64 [01:33<01:01,  1.16s/entries]Calibration:  19%|█▉        | 12/64 [01:34<00:47,  1.09entries/s]Calibration:  20%|██        | 13/64 [01:34<00:38,  1.32entries/s]Calibration:  22%|██▏       | 14/64 [01:35<00:32,  1.55entries/s]Calibration:  23%|██▎       | 15/64 [01:35<00:27,  1.77entries/s]Calibration:  25%|██▌       | 16/64 [01:35<00:24,  1.97entries/s]Calibration:  27%|██▋       | 17/64 [01:36<00:21,  2.15entries/s]Calibration:  28%|██▊       | 18/64 [01:36<00:20,  2.28entries/s]Calibration:  30%|██▉       | 19/64 [01:36<00:19,  2.37entries/s]Calibration:  31%|███▏      | 20/64 [01:37<00:18,  2.44entries/s]Calibration:  33%|███▎      | 21/64 [01:37<00:17,  2.52entries/s]Calibration:  34%|███▍      | 22/64 [01:38<00:16,  2.56entries/s]Calibration:  36%|███▌      | 23/64 [01:38<00:15,  2.58entries/s]Calibration:  38%|███▊      | 24/64 [01:38<00:15,  2.62entries/s]Calibration:  39%|███▉      | 25/64 [01:39<00:14,  2.63entries/s]Calibration:  41%|████      | 26/64 [01:39<00:14,  2.65entries/s]Calibration:  42%|████▏     | 27/64 [01:39<00:13,  2.68entries/s]Calibration:  44%|████▍     | 28/64 [01:40<00:13,  2.68entries/s]Calibration:  45%|████▌     | 29/64 [01:40<00:13,  2.67entries/s]Calibration:  47%|████▋     | 30/64 [01:41<00:12,  2.66entries/s]Calibration:  48%|████▊     | 31/64 [01:42<00:21,  1.52entries/s]Calibration:  50%|█████     | 32/64 [01:42<00:18,  1.75entries/s]Calibration:  52%|█████▏    | 33/64 [01:43<00:15,  1.95entries/s]Calibration:  53%|█████▎    | 34/64 [01:43<00:14,  2.12entries/s]Calibration:  55%|█████▍    | 35/64 [01:43<00:12,  2.26entries/s]Calibration:  56%|█████▋    | 36/64 [01:44<00:11,  2.38entries/s]Calibration:  58%|█████▊    | 37/64 [01:44<00:10,  2.48entries/s]Calibration:  59%|█████▉    | 38/64 [01:45<00:10,  2.53entries/s]Calibration:  61%|██████    | 39/64 [01:45<00:09,  2.57entries/s]Calibration:  62%|██████▎   | 40/64 [01:45<00:09,  2.60entries/s]Calibration:  64%|██████▍   | 41/64 [01:46<00:08,  2.64entries/s]Calibration:  66%|██████▌   | 42/64 [01:46<00:08,  2.67entries/s]Calibration:  67%|██████▋   | 43/64 [01:46<00:07,  2.67entries/s]Calibration:  69%|██████▉   | 44/64 [01:47<00:07,  2.67entries/s]Calibration:  70%|███████   | 45/64 [01:47<00:07,  2.67entries/s]Calibration:  72%|███████▏  | 46/64 [01:47<00:06,  2.67entries/s]Calibration:  73%|███████▎  | 47/64 [01:48<00:06,  2.67entries/s]Calibration:  75%|███████▌  | 48/64 [01:48<00:06,  2.66entries/s]Calibration:  77%|███████▋  | 49/64 [01:49<00:05,  2.68entries/s]Calibration:  78%|███████▊  | 50/64 [01:49<00:05,  2.68entries/s]Calibration:  80%|███████▉  | 51/64 [01:49<00:04,  2.68entries/s]Calibration:  81%|████████▏ | 52/64 [01:50<00:04,  2.68entries/s]Calibration:  83%|████████▎ | 53/64 [01:50<00:04,  2.71entries/s]Calibration:  84%|████████▍ | 54/64 [01:50<00:03,  2.71entries/s]Calibration:  86%|████████▌ | 55/64 [01:51<00:03,  2.71entries/s]Calibration:  88%|████████▊ | 56/64 [01:51<00:02,  2.70entries/s]Calibration:  89%|████████▉ | 57/64 [01:52<00:02,  2.71entries/s]Calibration:  91%|█████████ | 58/64 [01:52<00:02,  2.71entries/s]Calibration:  92%|█████████▏| 59/64 [01:52<00:01,  2.70entries/s]Calibration:  94%|█████████▍| 60/64 [01:53<00:01,  2.69entries/s]Calibration:  95%|█████████▌| 61/64 [01:53<00:01,  2.69entries/s]Calibration:  97%|█████████▋| 62/64 [01:53<00:00,  2.68entries/s]Calibration:  98%|█████████▊| 63/64 [01:54<00:00,  2.69entries/s]Calibration: 100%|██████████| 64/64 [01:54<00:00,  2.68entries/s]Calibration: 100%|██████████| 64/64 [01:54<00:00,  2.68entries/s]Calibration: 100%|██████████| 64/64 [01:54<00:00,  1.79s/entries]
[info] Model Optimization Algorithm Statistics Collector is done (completion time is 00:01:58.04)
[info] Starting Fix zp_comp Encoding
[info] Model Optimization Algorithm Fix zp_comp Encoding is done (completion time is 00:00:00.00)
[info] Starting Matmul Equalization
[info] Model Optimization Algorithm Matmul Equalization is done (completion time is 00:00:00.35)
[info] Starting MatmulDecomposeFix
[info] Model Optimization Algorithm MatmulDecomposeFix is done (completion time is 00:00:00.00)
[info] No shifts available for layer segformer_b0_ade/conv3/conv_op, using max shift instead. delta=0.0143
[info] No shifts available for layer segformer_b0_ade/conv3/conv_op, using max shift instead. delta=0.0071
[info] activation fitting started for segformer_b0_ade/reduce_sum_softmax1/act_op
[info] activation fitting started for segformer_b0_ade/reduce_sum_softmax2/act_op
[info] activation fitting started for segformer_b0_ade/reduce_sum_softmax3/act_op
[info] activation fitting started for segformer_b0_ade/reduce_sum_softmax4/act_op
[info] activation fitting started for segformer_b0_ade/reduce_sum_softmax5/act_op
[info] No shifts available for layer segformer_b0_ade/conv42/conv_op, using max shift instead. delta=0.2707
[info] No shifts available for layer segformer_b0_ade/conv42/conv_op, using max shift instead. delta=0.1353
[info] activation fitting started for segformer_b0_ade/reduce_sum_softmax6/act_op
[info] activation fitting started for segformer_b0_ade/reduce_sum_softmax7/act_op
[info] activation fitting started for segformer_b0_ade/reduce_sum_softmax8/act_op
[info] Finetune encoding skipped
[info] Bias Correction skipped
[info] Adaround skipped
[info] Quantization-Aware Fine-Tuning skipped
[info] Layer Noise Analysis skipped
[info] Model Optimization is done
[segformer] optimize: ok (465.8s)
[info] To achieve optimal performance, set the compiler_optimization_level to "max" by adding performance_param(compiler_optimization_level=max) to the model script. Note that this may increase compilation time.
[info] Loading network parameters
[info] Starting Hailo allocation and compilation flow
[info] Building optimization options for network layers...
[info] Successfully built optimization options - 26s 351ms
[info] Trying to compile the network in a single context
[info] Single context flow failed: Recoverable single context error
[info] Building optimization options for network layers...
[info] Successfully built optimization options - 55s 514ms
[info] Using Multi-context flow
[info] Resources optimization params: max_control_utilization=60%, max_compute_utilization=60%, max_compute_16bit_utilization=60%, max_memory_utilization (weights)=60%, max_input_aligner_utilization=60%, max_apu_utilization=60%
[info] Finding the best partition to contexts...
[info] Found valid partition to 13 contexts

[info] Iteration #113 - 13 contexts,
[info] Searching for a better partition...
[info] Found valid partition to 13 contexts, Performance improved by 18.3%

[info] Iteration #150 - 13 contexts,
[info] Searching for a better partition...
[info] Found valid partition to 13 contexts, Performance improved by 4.6%

[info] Iteration #184 - 13 contexts,
[info] Searching for a better partition...
[info] Found valid partition to 14 contexts, Performance improved by 3.0%

[info] Iteration #242 - 14 contexts,
[info] Searching for a better partition...
[<==>....................................] 
[info] Partition to contexts finished successfully
[info] Partitioner finished after 323 iterations, Time it took: 5m 31s 337ms
[info] Applying selected partition to 14 contexts...
[info] Validating layers feasibility
[info] input_layer1: Pass
[info] external_pad1: Pass
[info] conv1_defuse_reshape_hxf_to_w_transposed: Pass
[info] precision_change0: Pass
[info] square1_layer_normalization1_mult_reduce: Pass
[info] conv1_defuse_width_feature_reshape: Pass
[info] reduce_mean1_layer_normalization2: Pass
[info] segformer_input_norm: Pass
[info] square1_layer_normalization1_shortcut: Pass
[info] conv1_defuse_1x1: Pass
[info] precision_change1: Pass
[info] precision_change26: Pass
[info] reduce_mean1_layer_normalization1: Pass
[info] ew_sub1_layer_normalization1: Pass
[info] conv_var_inv_layer_normalization1: Pass
[info] ew_mult1_layer_normalization1_mult_reduce: Pass
[info] normalization1: Pass
[info] ew_mult1_layer_normalization1_reshape_post_ew: Pass
[info] square1_layer_normalization1_reshape_post_ew: Pass
[info] ew_sub1_layer_normalization2: Pass
[info] square1_layer_normalization2_shortcut: Pass
[info] square1_layer_normalization2_mult_reduce: Pass
[info] square1_layer_normalization2_reshape_post_ew: Pass
[info] precision_change27: Pass
[info] normalization2: Pass
[info] conv_var_inv_layer_normalization2: Pass
[info] ew_mult1_layer_normalization2_reshape_post_ew: Pass
[info] ew_mult1_layer_normalization2_mult_reduce: Pass
[info] conv2: Pass
[info] precision_change2: Pass
[info] conv3_defuse_width_feature_reshape: Pass
[info] conv3_defuse_reshape_hxf_to_w_transposed: Pass
[info] segformer_b0_ade_segformer_b0_ade_context_0_to_segformer_b0_ade_context_1_2822: Pass
[info] conv3_defuse_1x1: Pass
[info] square1_layer_normalization3_reshape_post_ew: Pass
[info] ew_sub1_layer_normalization3: Pass
[info] reduce_mean1_layer_normalization3: Pass
[info] segformer_b0_ade_segformer_b0_ade_context_0_to_segformer_b0_ade_context_1_2824: Pass
[info] segformer_b0_ade_segformer_b0_ade_context_0_to_segformer_b0_ade_context_1_2826: Pass
[info] auto_reshape_from_input_layer1_to_segformer_input_norm: Pass
[info] ew_mult1_layer_normalization3_mult_reduce: Pass
[info] square1_layer_normalization3_shortcut: Pass
[info] conv_var_inv_layer_normalization3: Pass
[info] square1_layer_normalization3_mult_reduce: Pass
[info] ew_sub_softmax1: Pass
[info] ew_mult1_layer_normalization3_reshape_post_ew: Pass
[info] conv6: Pass
[info] conv5: Pass
[info] reduce_max_softmax1: Pass
[info] reduce_sum_softmax1: Pass
[info] conv4: Pass
[info] matmul1: Pass
[info] precision_change28: Pass
[info] ew_mult_softmax1: Pass
[info] matmul2: Pass
[info] precision_change3: Pass
[info] ew_sub1_layer_normalization4: Pass
[info] reduce_mean1_layer_normalization4: Pass
[info] square1_layer_normalization4_shortcut: Pass
[info] square1_layer_normalization4_reshape_post_ew: Pass
[info] conv_var_inv_layer_normalization4: Pass
[info] ew_mult1_layer_normalization4_mult_reduce: Pass
[info] square1_layer_normalization4_mult_reduce: Pass
[info] conv7: Pass
[info] ew_mult1_layer_normalization4_reshape_post_ew: Pass
[info] precision_change29: Pass
[info] dw1_d2: Pass
[info] dw1_d1: Pass
[info] dw1_d0: Pass
[info] dw1_fs: Pass
[info] conv8: Pass
[info] reduce_mean1_layer_normalization5: Pass
[info] dw1_dc: Pass
[info] activation1: Pass
[info] precision_change4: Pass
[info] square1_layer_normalization5_mult_reduce: Pass
[info] ew_sub1_layer_normalization5: Pass
[info] square1_layer_normalization5_shortcut: Pass
[info] square1_layer_normalization5_reshape_post_ew: Pass
[info] segformer_b0_ade_segformer_b0_ade_context_1_to_segformer_b0_ade_context_2_2828: Pass
[info] segformer_b0_ade_segformer_b0_ade_context_1_to_segformer_b0_ade_context_2_2830: Pass
[info] segformer_b0_ade_segformer_b0_ade_context_0_to_segformer_b0_ade_context_1_2827: Pass
[info] segformer_b0_ade_segformer_b0_ade_context_0_to_segformer_b0_ade_context_1_2825: Pass
[info] ew_mult1_layer_normalization5_reshape_post_ew: Pass
[info] ew_mult1_layer_normalization5_mult_reduce: Pass
[info] conv_var_inv_layer_normalization5: Pass
[info] segformer_b0_ade_segformer_b0_ade_context_0_to_segformer_b0_ade_context_1_2823: Pass
[info] precision_change30: Pass
[info] conv10_defuse_width_feature_reshape: Pass
[info] conv10_defuse_reshape_hxf_to_w_transposed: Pass
[info] normalization5: Pass
[info] conv10_defuse_1x1: Pass
[info] square1_layer_normalization6_mult_reduce: Pass
[info] reduce_mean1_layer_normalization6: Pass
[info] square1_layer_normalization6_reshape_post_ew: Pass
[info] square1_layer_normalization6_shortcut: Pass
[info] conv9: Pass
[info] ew_sub1_layer_normalization6: Pass
[info] ew_mult1_layer_normalization6_reshape_post_ew: Pass
[info] ew_sub_softmax2_sdc: Pass
[info] ew_mult_softmax2_sd0: Pass
[info] precision_change5: Pass
[info] ew_sub_softmax2_sd1: Pass
[info] conv11: Pass
[info] precision_change31: Pass
[info] conv_var_inv_layer_normalization6: Pass
[info] ew_mult1_layer_normalization6_mult_reduce: Pass
[info] ew_mult_softmax2_sdc: Pass
[info] reduce_sum_softmax2: Pass
[info] conv13: Pass
[info] conv12: Pass
[info] ew_sub_softmax2_sd0: Pass
[info] matmul4: Pass
[info] reduce_max_softmax2: Pass
[info] precision_change6: Pass
[info] square1_layer_normalization7_mult_reduce: Pass
[info] reduce_mean1_layer_normalization7: Pass
[info] square1_layer_normalization7_reshape_post_ew: Pass
[info] ew_mult_softmax2_sd1: Pass
[info] square1_layer_normalization7_shortcut: Pass
[info] segformer_b0_ade_segformer_b0_ade_context_2_to_segformer_b0_ade_context_3_2832: Pass
[info] ew_mult1_layer_normalization7_reshape_post_ew: Pass
[info] matmul3: Pass
[info] ew_mult1_layer_normalization7_mult_reduce: Pass
[info] segformer_b0_ade_segformer_b0_ade_context_2_to_segformer_b0_ade_context_3_2834: Pass
[info] segformer_b0_ade_segformer_b0_ade_context_1_to_segformer_b0_ade_context_2_2831: Pass
[info] ew_sub1_layer_normalization7: Pass
[info] conv14: Pass
[info] precision_change32: Pass
[info] segformer_b0_ade_segformer_b0_ade_context_1_to_segformer_b0_ade_context_2_2829: Pass
[info] conv_var_inv_layer_normalization7: Pass
[info] activation2: Pass
[info] dw2_fs: Pass
[info] reduce_mean1_layer_normalization8: Pass
[info] dw2_dc: Pass
[info] dw2_d0: Pass
[info] conv15: Pass
[info] square1_layer_normalization8_shortcut: Pass
[info] square1_layer_normalization8_mult_reduce: Pass
[info] square1_layer_normalization8_reshape_post_ew: Pass
[info] ew_sub1_layer_normalization8: Pass
[info] dw2_d2: Pass
[info] dw2_d1: Pass
[info] ew_mult1_layer_normalization8_mult_reduce: Pass
[info] ew_mult1_layer_normalization8_reshape_post_ew: Pass
[info] conv_var_inv_layer_normalization8: Pass
[info] normalization8: Pass
[info] conv17: Pass
[info] precision_change33: Pass
[info] precision_change7: Pass
[info] conv16: Pass
[info] ew_sub1_layer_normalization9: Pass
[info] square1_layer_normalization9_shortcut: Pass
[info] ew_mult1_layer_normalization9_mult_reduce: Pass
[info] ew_mult1_layer_normalization9_reshape_post_ew: Pass
[info] square1_layer_normalization9_mult_reduce: Pass
[info] conv_var_inv_layer_normalization9: Pass
[info] normalization9: Pass
[info] precision_change34: Pass
[info] reduce_mean1_layer_normalization9: Pass
[info] square1_layer_normalization9_reshape_post_ew: Pass
[info] reduce_mean1_layer_normalization10: Pass
[info] square1_layer_normalization10_mult_reduce: Pass
[info] conv_var_inv_layer_normalization10: Pass
[info] precision_change8: Pass
[info] square1_layer_normalization10_reshape_post_ew: Pass
[info] ew_sub1_layer_normalization10: Pass
[info] ew_mult1_layer_normalization10_reshape_post_ew: Pass
[info] square1_layer_normalization10_shortcut: Pass
[info] segformer_b0_ade_segformer_b0_ade_context_3_to_segformer_b0_ade_context_13_2836: Pass
[info] segformer_b0_ade_segformer_b0_ade_context_3_to_segformer_b0_ade_context_4_2838: Pass
[info] segformer_b0_ade_segformer_b0_ade_context_3_to_segformer_b0_ade_context_4_2840: Pass
[info] ew_mult1_layer_normalization10_mult_reduce: Pass
[info] segformer_b0_ade_segformer_b0_ade_context_2_to_segformer_b0_ade_context_3_2833: Pass
[info] segformer_b0_ade_segformer_b0_ade_context_2_to_segformer_b0_ade_context_3_2835: Pass
[info] precision_change35: Pass
[info] conv19_defuse_reshape_hxf_to_w_transposed: Pass
[info] conv19_defuse_width_feature_reshape: Pass
[info] conv18: Pass
[info] ew_mult1_layer_normalization11_mult_reduce: Pass
[info] square1_layer_normalization11_reshape_post_ew: Pass
[info] normalization10: Pass
[info] reduce_mean1_layer_normalization11: Pass
[info] square1_layer_normalization11_shortcut: Pass
[info] square1_layer_normalization11_mult_reduce: Pass
[info] conv_var_inv_layer_normalization11: Pass
[info] conv19_defuse_1x1: Pass
[info] precision_change9: Pass
[info] ew_sub1_layer_normalization11: Pass
[info] ew_mult1_layer_normalization11_reshape_post_ew: Pass
[info] conv20: Pass
[info] conv21: Pass
[info] precision_change36: Pass
[info] reduce_max_softmax3: Pass
[info] ew_sub_softmax3: Pass
[info] reduce_sum_softmax3: Pass
[info] matmul5: Pass
[info] ew_mult_softmax3: Pass
[info] conv22: Pass
[info] matmul6: Pass
[info] precision_change10: Pass
[info] reduce_mean1_layer_normalization12: Pass
[info] square1_layer_normalization12_mult_reduce: Pass
[info] ew_sub1_layer_normalization12: Pass
[info] conv_var_inv_layer_normalization12: Pass
[info] square1_layer_normalization12_shortcut: Pass
[info] ew_mult1_layer_normalization12_reshape_post_ew: Pass
[info] precision_change37: Pass
[info] conv23: Pass
[info] ew_mult1_layer_normalization12_mult_reduce: Pass
[info] segformer_b0_ade_segformer_b0_ade_context_4_to_segformer_b0_ade_context_5_2842: Pass
[info] square1_layer_normalization12_reshape_post_ew: Pass
[info] segformer_b0_ade_segformer_b0_ade_context_4_to_segformer_b0_ade_context_5_2844: Pass
[info] segformer_b0_ade_segformer_b0_ade_context_3_to_segformer_b0_ade_context_4_2841: Pass
[info] segformer_b0_ade_segformer_b0_ade_context_3_to_segformer_b0_ade_context_4_2839: Pass
[info] dw3_sd1: Pass
[info] dw3_sdc: Pass
[info] dw3_sd0: Pass
[info] activation3: Pass
[info] square1_layer_normalization13_mult_reduce: Pass
[info] reduce_mean1_layer_normalization13: Pass
[info] square1_layer_normalization13_shortcut: Pass
[info] ew_sub1_layer_normalization13: Pass
[info] precision_change38: Pass
[info] ew_mult1_layer_normalization13_reshape_post_ew: Pass
[info] ew_mult1_layer_normalization13_mult_reduce: Pass
[info] conv24: Pass
[info] normalization13: Pass
[info] precision_change11: Pass
[info] square1_layer_normalization13_reshape_post_ew: Pass
[info] conv25: Pass
[info] conv_var_inv_layer_normalization13: Pass
[info] precision_change12: Pass
[info] conv26_defuse_width_feature_reshape: Pass
[info] conv26_defuse_reshape_hxf_to_w_transposed: Pass
[info] reduce_mean1_layer_normalization14: Pass
[info] conv26_defuse_1x1: Pass
[info] square1_layer_normalization14_mult_reduce: Pass
[info] ew_sub1_layer_normalization14: Pass
[info] square1_layer_normalization14_shortcut: Pass
[info] ew_mult1_layer_normalization14_reshape_post_ew: Pass
[info] ew_mult1_layer_normalization14_mult_reduce: Pass
[info] conv27: Pass
[info] precision_change39: Pass
[info] ew_sub_softmax4: Pass
[info] conv28: Pass
[info] reduce_sum_softmax4: Pass
[info] square1_layer_normalization14_reshape_post_ew: Pass
[info] conv_var_inv_layer_normalization14: Pass
[info] reduce_max_softmax4: Pass
[info] ew_mult_softmax4: Pass
[info] matmul7: Pass
[info] matmul8: Pass
[info] segformer_b0_ade_segformer_b0_ade_context_4_to_segformer_b0_ade_context_5_2845: Pass
[info] ew_sub1_layer_normalization15: Pass
[info] segformer_b0_ade_segformer_b0_ade_context_5_to_segformer_b0_ade_context_6_2846: Pass
[info] segformer_b0_ade_segformer_b0_ade_context_5_to_segformer_b0_ade_context_6_2848: Pass
[info] precision_change13: Pass
[info] reduce_mean1_layer_normalization15: Pass
[info] segformer_b0_ade_segformer_b0_ade_context_4_to_segformer_b0_ade_context_5_2843: Pass
[info] conv29: Pass
[info] ew_mult1_layer_normalization15_mult_reduce: Pass
[info] square1_layer_normalization15_reshape_post_ew: Pass
[info] ew_mult1_layer_normalization15_reshape_post_ew: Pass
[info] conv_var_inv_layer_normalization15: Pass
[info] square1_layer_normalization15_shortcut: Pass
[info] dw4_sd1: Pass
[info] conv30: Pass
[info] dw4_sdc: Pass
[info] conv31: Pass
[info] square1_layer_normalization15_mult_reduce: Pass
[info] dw4_sd0: Pass
[info] precision_change40: Pass
[info] activation4: Pass
[info] square1_layer_normalization16_shortcut: Pass
[info] reduce_mean1_layer_normalization16: Pass
[info] square1_layer_normalization16_reshape_post_ew: Pass
[info] ew_sub1_layer_normalization16: Pass
[info] conv_var_inv_layer_normalization16: Pass
[info] ew_mult1_layer_normalization16_mult_reduce: Pass
[info] square1_layer_normalization16_mult_reduce: Pass
[info] ew_mult1_layer_normalization16_reshape_post_ew: Pass
[info] precision_change41: Pass
[info] normalization16: Pass
[info] resize1_input_reshape: Pass
[info] conv32: Pass
[info] conv33: Pass
[info] reduce_mean1_layer_normalization17: Pass
[info] ew_sub1_layer_normalization17: Pass
[info] precision_change14: Pass
[info] resize1_d0: Pass
[info] resize1_d1: Pass
[info] resize1_dc: Pass
[info] resize1_output_reshape: Pass
[info] ew_mult1_layer_normalization17_mult_reduce: Pass
[info] square1_layer_normalization17_mult_reduce: Pass
[info] conv_var_inv_layer_normalization17: Pass
[info] square1_layer_normalization17_reshape_post_ew: Pass
[info] segformer_b0_ade_segformer_b0_ade_context_6_to_segformer_b0_ade_context_13_2852: Pass
[info] segformer_b0_ade_segformer_b0_ade_context_5_to_segformer_b0_ade_context_6_2847: Pass
[info] segformer_b0_ade_segformer_b0_ade_context_6_to_segformer_b0_ade_context_7_2854: Pass
[info] segformer_b0_ade_segformer_b0_ade_context_5_to_segformer_b0_ade_context_6_2851: Pass
[info] ew_mult1_layer_normalization17_reshape_post_ew: Pass
[info] segformer_b0_ade_segformer_b0_ade_context_5_to_segformer_b0_ade_context_6_2850: Pass
[info] segformer_b0_ade_segformer_b0_ade_context_5_to_segformer_b0_ade_context_6_2849: Pass
[info] square1_layer_normalization17_shortcut: Pass
[info] reduce_mean1_layer_normalization18: Pass
[info] precision_change15: Pass
[info] precision_change42: Pass
[info] square1_layer_normalization18_mult_reduce: Pass
[info] conv_var_inv_layer_normalization18: Pass
[info] square1_layer_normalization18_shortcut: Pass
[info] ew_mult1_layer_normalization18_reshape_post_ew: Pass
[info] precision_change43: Pass
[info] ew_sub1_layer_normalization18: Pass
[info] square1_layer_normalization18_reshape_post_ew: Pass
[info] normalization18: Pass
[info] normalization17: Pass
[info] ew_mult1_layer_normalization18_mult_reduce: Pass
[info] conv34: Pass
[info] conv35: Pass
[info] precision_change16: Pass
[info] square1_layer_normalization19_mult_reduce: Pass
[info] square1_layer_normalization19_shortcut: Pass
[info] reduce_mean1_layer_normalization19: Pass
[info] ew_sub1_layer_normalization19: Pass
[info] ew_mult1_layer_normalization19_reshape_post_ew: Pass
[info] conv_var_inv_layer_normalization19: Pass
[info] ew_mult1_layer_normalization19_mult_reduce: Pass
[info] precision_change44: Pass
[info] ew_sub_softmax5: Pass
[info] conv37: Pass
[info] reduce_max_softmax5: Pass
[info] square1_layer_normalization19_reshape_post_ew: Pass
[info] conv36: Pass
[info] reduce_sum_softmax5: Pass
[info] matmul9: Pass
[info] matmul10: Pass
[info] reduce_mean1_layer_normalization20: Pass
[info] segformer_b0_ade_segformer_b0_ade_context_7_to_segformer_b0_ade_context_8_2856: Pass
[info] conv38: Pass
[info] square1_layer_normalization20_mult_reduce: Pass
[info] segformer_b0_ade_segformer_b0_ade_context_7_to_segformer_b0_ade_context_8_2858: Pass
[info] segformer_b0_ade_segformer_b0_ade_context_7_to_segformer_b0_ade_context_8_2860: Pass
[info] segformer_b0_ade_segformer_b0_ade_context_6_to_segformer_b0_ade_context_7_2855: Pass
[info] precision_change17: Pass
[info] ew_sub1_layer_normalization20: Pass
[info] square1_layer_normalization20_shortcut: Pass
[info] ew_mult_softmax5: Pass
[info] ew_mult1_layer_normalization20_mult_reduce: Pass
[info] conv_var_inv_layer_normalization20: Pass
[info] square1_layer_normalization20_reshape_post_ew: Pass
[info] square1_layer_normalization21_reshape_post_ew: Pass
[info] precision_change18: Pass
[info] reduce_mean1_layer_normalization21: Pass
[info] activation5: Pass
[info] ew_sub1_layer_normalization21: Pass
[info] conv40: Pass
[info] conv39: Pass
[info] square1_layer_normalization21_mult_reduce: Pass
[info] dw5: Pass
[info] square1_layer_normalization21_shortcut: Pass
[info] conv_var_inv_layer_normalization21: Pass
[info] ew_mult1_layer_normalization21_mult_reduce: Pass
[info] precision_change45: Pass
[info] ew_mult1_layer_normalization20_reshape_post_ew: Pass
[info] ew_mult1_layer_normalization21_reshape_post_ew: Pass
[info] normalization21: Pass
[info] conv41: Pass
[info] precision_change46: Pass
[info] conv42: Pass
[info] ew_sub1_layer_normalization22: Pass
[info] reduce_mean1_layer_normalization22: Pass
[info] square1_layer_normalization22_shortcut: Pass
[info] square1_layer_normalization22_mult_reduce: Pass
[info] precision_change19: Pass
[info] ew_mult1_layer_normalization22_reshape_post_ew: Pass
[info] square1_layer_normalization22_reshape_post_ew: Pass
[info] conv_var_inv_layer_normalization22: Pass
[info] ew_mult1_layer_normalization22_mult_reduce: Pass
[info] reduce_sum_softmax6: Pass
[info] precision_change47: Pass
[info] ew_sub_softmax6: Pass
[info] segformer_b0_ade_segformer_b0_ade_context_8_to_segformer_b0_ade_context_9_2862: Pass
[info] conv43: Pass
[info] conv44: Pass
[info] segformer_b0_ade_segformer_b0_ade_context_8_to_segformer_b0_ade_context_9_2866: Pass
[info] segformer_b0_ade_segformer_b0_ade_context_8_to_segformer_b0_ade_context_9_2864: Pass
[info] segformer_b0_ade_segformer_b0_ade_context_7_to_segformer_b0_ade_context_8_2857: Pass
[info] segformer_b0_ade_segformer_b0_ade_context_7_to_segformer_b0_ade_context_8_2861: Pass
[info] matmul11: Pass
[info] ew_mult_softmax6: Pass
[info] reduce_max_softmax6: Pass
[info] segformer_b0_ade_segformer_b0_ade_context_7_to_segformer_b0_ade_context_8_2859: Pass
[info] square1_layer_normalization23_shortcut: Pass
[info] reduce_mean1_layer_normalization23: Pass
[info] precision_change20: Pass
[info] ew_sub1_layer_normalization23: Pass
[info] conv_var_inv_layer_normalization23: Pass
[info] square1_layer_normalization23_reshape_post_ew: Pass
[info] ew_mult1_layer_normalization23_reshape_post_ew: Pass
[info] square1_layer_normalization23_mult_reduce: Pass
[info] conv45: Pass
[info] matmul12: Pass
[info] precision_change48: Pass
[info] conv46: Pass
[info] ew_mult1_layer_normalization23_mult_reduce: Pass
[info] activation6: Pass
[info] dw6: Pass
[info] reduce_mean1_layer_normalization24: Pass
[info] square1_layer_normalization24_shortcut: Pass
[info] conv47: Pass
[info] square1_layer_normalization24_mult_reduce: Pass
[info] ew_sub1_layer_normalization24: Pass
[info] square1_layer_normalization24_reshape_post_ew: Pass
[info] ew_mult1_layer_normalization24_mult_reduce: Pass
[info] conv_var_inv_layer_normalization24: Pass
[info] ew_mult1_layer_normalization24_reshape_post_ew: Pass
[info] precision_change49: Pass
[info] normalization24: Pass
[info] conv49: Pass
[info] conv48: Pass
[info] precision_change21: Pass
[info] reduce_mean1_layer_normalization25: Pass
[info] resize2_input_reshape: Pass
[info] resize2: Pass
[info] ew_sub1_layer_normalization25: Pass
[info] resize2_output_reshape: Pass
[info] segformer_b0_ade_segformer_b0_ade_context_8_to_segformer_b0_ade_context_9_2863: Pass
[info] segformer_b0_ade_segformer_b0_ade_context_9_to_segformer_b0_ade_context_13_2868: Pass
[info] square1_layer_normalization25_reshape_post_ew: Pass
[info] segformer_b0_ade_segformer_b0_ade_context_8_to_segformer_b0_ade_context_9_2865: Pass
[info] ew_mult1_layer_normalization25_mult_reduce: Pass
[info] square1_layer_normalization25_shortcut: Pass
[info] conv_var_inv_layer_normalization25: Pass
[info] segformer_b0_ade_segformer_b0_ade_context_8_to_segformer_b0_ade_context_9_2867: Pass
[info] segformer_b0_ade_segformer_b0_ade_context_9_to_segformer_b0_ade_context_10_2870: Pass
[info] square1_layer_normalization25_mult_reduce: Pass
[info] precision_change22: Pass
[info] ew_sub1_layer_normalization26: Pass
[info] square1_layer_normalization26_shortcut: Pass
[info] normalization25: Pass
[info] square1_layer_normalization26_reshape_post_ew: Pass
[info] precision_change50: Pass
[info] ew_mult1_layer_normalization25_reshape_post_ew: Pass
[info] conv_var_inv_layer_normalization26: Pass
[info] ew_mult1_layer_normalization26_reshape_post_ew: Pass
[info] conv50: Pass
[info] square1_layer_normalization26_mult_reduce: Pass
[info] reduce_mean1_layer_normalization26: Pass
[info] conv51: Pass
[info] precision_change51: Pass
[info] ew_mult1_layer_normalization26_mult_reduce: Pass
[info] conv52: Pass
[info] ew_sub_softmax7: Pass
[info] reduce_sum_softmax7: Pass
[info] reduce_mean1_layer_normalization27: Pass
[info] reduce_max_softmax7: Pass
[info] matmul13: Pass
[info] ew_mult_softmax7: Pass
[info] precision_change23: Pass
[info] matmul14: Pass
[info] conv53: Pass
[info] square1_layer_normalization27_shortcut: Pass
[info] ew_sub1_layer_normalization27: Pass
[info] square1_layer_normalization27_mult_reduce: Pass
[info] ew_mult1_layer_normalization27_reshape_post_ew: Pass
[info] square1_layer_normalization27_reshape_post_ew: Pass
[info] conv_var_inv_layer_normalization27: Pass
[info] ew_mult1_layer_normalization27_mult_reduce: Pass
[info] precision_change52: Pass
[info] segformer_b0_ade_segformer_b0_ade_context_10_to_segformer_b0_ade_context_11_2872: Pass
[info] activation7: Pass
[info] conv54: Pass
[info] segformer_b0_ade_segformer_b0_ade_context_10_to_segformer_b0_ade_context_11_2874: Pass
[info] dw7: Pass
[info] segformer_b0_ade_segformer_b0_ade_context_10_to_segformer_b0_ade_context_11_2876: Pass
[info] precision_change24: Pass
[info] segformer_b0_ade_segformer_b0_ade_context_9_to_segformer_b0_ade_context_10_2871: Pass
[info] conv55: Pass
[info] reduce_mean1_layer_normalization28: Pass
[info] precision_change53: Pass
[info] square1_layer_normalization28_reshape_post_ew: Pass
[info] ew_mult1_layer_normalization28_reshape_post_ew: Pass
[info] square1_layer_normalization28_mult_reduce: Pass
[info] conv_var_inv_layer_normalization28: Pass
[info] reduce_max_softmax8: Pass
[info] conv56: Pass
[info] square1_layer_normalization28_shortcut: Pass
[info] ew_sub1_layer_normalization28: Pass
[info] conv57: Pass
[info] ew_mult1_layer_normalization28_mult_reduce: Pass
[info] conv58: Pass
[info] matmul15: Pass
[info] reduce_sum_softmax8: Pass
[info] ew_sub_softmax8: Pass
[info] square1_layer_normalization29_mult_reduce: Pass
[info] square1_layer_normalization29_reshape_post_ew: Pass
[info] square1_layer_normalization29_shortcut: Pass
[info] matmul16: Pass
[info] ew_mult_softmax8: Pass
[info] reduce_mean1_layer_normalization29: Pass
[info] conv_var_inv_layer_normalization29: Pass
[info] precision_change25: Pass
[info] ew_sub1_layer_normalization29: Pass
[info] precision_change54: Pass
[info] conv59: Pass
[info] ew_mult1_layer_normalization29_reshape_post_ew: Pass
[info] ew_mult1_layer_normalization29_mult_reduce: Pass
[info] dw8: Pass
[info] activation8: Pass
[info] reduce_mean1_layer_normalization30: Pass
[info] conv60: Pass
[info] conv_var_inv_layer_normalization30: Pass
[info] conv61: Pass
[info] square1_layer_normalization30_mult_reduce: Pass
[info] square1_layer_normalization30_reshape_post_ew: Pass
[info] segformer_b0_ade_segformer_b0_ade_context_11_to_segformer_b0_ade_context_12_2878: Pass
[info] ew_mult1_layer_normalization30_mult_reduce: Pass
[info] square1_layer_normalization30_shortcut: Pass
[info] ew_sub1_layer_normalization30: Pass
[info] segformer_b0_ade_segformer_b0_ade_context_10_to_segformer_b0_ade_context_11_2875: Pass
[info] segformer_b0_ade_segformer_b0_ade_context_10_to_segformer_b0_ade_context_11_2873: Pass
[info] segformer_b0_ade_segformer_b0_ade_context_10_to_segformer_b0_ade_context_11_2877: Pass
[info] segformer_b0_ade_segformer_b0_ade_context_12_to_segformer_b0_ade_context_13_2880: Pass
[info] resize3_input_reshape: Pass
[info] conv62: Pass
[info] precision_change55: Pass
[info] resize3_output_reshape: Pass
[info] segformer_b0_ade_segformer_b0_ade_context_11_to_segformer_b0_ade_context_12_2879: Pass
[info] resize3_d0: Pass
[info] ew_mult1_layer_normalization30_reshape_post_ew: Pass
[info] resize3_d1: Pass
[info] resize3_dc: Pass
[info] output_layer1: Pass
[info] conv63_sd3: Pass
[info] conv63_sd2: Pass
[info] conv63_sd5: Pass
[info] conv63_sd0: Pass
[info] concat1: Pass
[info] auto_reshape_from_conv64_to_output_layer1: Pass
[info] conv63_sd1: Pass
[info] ws_from_conv63_ws_to_conv63_sd0-3_479: Pass
[info] conv63_sd4: Pass
[info] segformer_b0_ade_segformer_b0_ade_context_3_to_segformer_b0_ade_context_13_2837: Pass
[info] conv63_ws: Pass
[info] conv63_sdc: Pass
[info] segformer_b0_ade_segformer_b0_ade_context_9_to_segformer_b0_ade_context_13_2869: Pass
[info] concat_w_from_conv63_sd0-3_to_conv63_sdc: Pass
[info] conv64: Pass
[info] concat_f_from_segformer_b0_ade_segformer_b0_ade_context_12_to_segformer_b0_ade_context_13_2881_segformer_b0_ad: Pass
[info] segformer_b0_ade_segformer_b0_ade_context_6_to_segformer_b0_ade_context_13_2853: Pass
[info] segformer_b0_ade_segformer_b0_ade_context_12_to_segformer_b0_ade_context_13_2881: Pass
[info] ws_from_conv63_ws_to_conv63_sd4-5_2882: Pass
[info] Layers feasibility validated successfully
[info] Running resources allocation (mapping) flow, time per context: 59m 59s


[info] Context:0/0 Iteration 0: Mapping prepost...          
          cluster_0  cluster_1  cluster_2  cluster_3  cluster_4  cluster_5  cluster_6  cluster_7  prepost 
 worker0  *          *          *          *          *          *          *          *          V       
 worker1                                                                                                  
 worker2                                                                                                  
 worker3                                                                                                  

  00:01
[info] Context:0/13 Iteration 0: Trying parallel splits...   
          cluster_0  cluster_1  cluster_2  cluster_3  cluster_4  cluster_5  cluster_6  cluster_7  prepost 
 worker0                                                                                                  
 worker1                                                                                                  
 worker2                                                                                                  
 worker3                                                                                                  

  00:01
[info] Context:0/13 Iteration 0: Trying parallel splits...   
          cluster_0  cluster_1  cluster_2  cluster_3  cluster_4  cluster_5  cluster_6  cluster_7  prepost 
 worker0                                                                                                  
 worker1  *          *          *          *          *          *          *          *          V       
 worker2                                                                                                  
 worker3                                                                                                  

  00:01
[info] Context:0/13 Iteration 0: Trying parallel splits...   
          cluster_0  cluster_1  cluster_2  cluster_3  cluster_4  cluster_5  cluster_6  cluster_7  prepost 
 worker0                                                                                                  
 worker1  *          *          *          *          *          *          *          *          V       
 worker2  *          *          *          *          *          *          *          *          V       
 worker3                                                                                                  

  00:01
[info] Context:0/13 Iteration 0: Trying parallel splits...   
          cluster_0  cluster_1  cluster_2  cluster_3  cluster_4  cluster_5  cluster_6  cluster_7  prepost 
 worker0                                                                                                  
 worker1  *          *          *          *          *          *          *          *          V       
 worker2  *          *          *          *          *          *          *          *          V       
 worker3                                                                                                  

  00:01
[info] Context:0/13 Iteration 0: Trying parallel splits...   
          cluster_0  cluster_1  cluster_2  cluster_3  cluster_4  cluster_5  cluster_6  cluster_7  prepost 
 worker0                                                                                                  
 worker1  *          *          *          *          *          *          *          *          V       
 worker2  *          *          *          *          *          *          *          *          V       
 worker3                                                                                                  

  00:01
[info] Context:0/13 Iteration 4: Trying parallel mapping...  
          cluster_0  cluster_1  cluster_2  cluster_3  cluster_4  cluster_5  cluster_6  cluster_7  prepost 
 worker0  *          *          *          *          *          *          *          *          V       
 worker1  *          *          *          *          *          *          *          *          V       
 worker2  *          *          *          *          *          *          *          *          V       
 worker3                                                                                                  

  00:01
[info] Context:0/13 Iteration 4: Trying parallel mapping...  
          cluster_0  cluster_1  cluster_2  cluster_3  cluster_4  cluster_5  cluster_6  cluster_7  prepost 
 worker0  *          *          *          *          *          *          *          *          V       
 worker1  *          *          *          *          *          *          *          *          V       
 worker2  V          *          *          *          *          *          *          *          V       
 worker3                                                                                                  

  00:01
[info] Context:0/13 Iteration 4: Trying parallel mapping...  
          cluster_0  cluster_1  cluster_2  cluster_3  cluster_4  cluster_5  cluster_6  cluster_7  prepost 
 worker0  *          *          *          *          *          *          *          *          V       
 worker1  V          *          *          *          *          V          *          *          V       
 worker2  V          *          *          *          *          *          *          *          V       
 worker3                                                                                                  

  00:01
[info] Context:0/13 Iteration 4: Trying parallel mapping...  
          cluster_0  cluster_1  cluster_2  cluster_3  cluster_4  cluster_5  cluster_6  cluster_7  prepost 
 worker0  *          *          *          *          *          *          *          *          V       
 worker1  V          *          *          *          *          V          *          *          V       
 worker2  V          *          *          *          *          *          *          *          V       
 worker3  V          *          *          *          V          *          *          *          V       

  00:01
[info] Context:0/13 Iteration 4: Trying parallel mapping...  
          cluster_0  cluster_1  cluster_2  cluster_3  cluster_4  cluster_5  cluster_6  cluster_7  prepost 
 worker0  *          *          *          *          *          *          *          *          V       
 worker1  V          *          *          *          *          V          *          *          V       
 worker2  V          *          *          *          *          *          *          *          V       
 worker3  V          V          *          *          V          V          *          *          V       

  00:01
[info] Context:0/13 Iteration 4: Trying parallel mapping...  
          cluster_0  cluster_1  cluster_2  cluster_3  cluster_4  cluster_5  cluster_6  cluster_7  prepost 
 worker0  *          *          *          *          *          *          *          *          V       
 worker1  V          *          *          *          *          V          *          *          V       
 worker2  V          *          *          *          *          *          *          *          V       
 worker3  V          V          *          *          V          V          *          *          V       

  00:01
[info] Context:0/13 Iteration 4: Trying parallel mapping...  
          cluster_0  cluster_1  cluster_2  cluster_3  cluster_4  cluster_5  cluster_6  cluster_7  prepost 
 worker0  *          *          *          *          *          *          *          *          V       
 worker1  V          *          *          *          *          V          *          *          V       
 worker2  V          *          *          *          *          *          *          *          V       
 worker3  V          V          *          *          V          V          *          *          V       

  00:01
[info] Context:0/13 Iteration 4: Trying parallel mapping...  
          cluster_0  cluster_1  cluster_2  cluster_3  cluster_4  cluster_5  cluster_6  cluster_7  prepost 
 worker0  *          *          *          *          *          *          *          *          V       
 worker1  V          *          *          *          *          V          *          *          V       
 worker2  V          *          *          *          *          *          *          *          V       
 worker3  V          V          *          *          V          V          *          *          V       

  00:01
[info] Context:0/13 Iteration 4: Trying parallel mapping...  
          cluster_0  cluster_1  cluster_2  cluster_3  cluster_4  cluster_5  cluster_6  cluster_7  prepost 
 worker0  *          *          *          *          *          *          *          *          V       
 worker1  V          *          *          *          *          V          *          *          V       
 worker2  V          *          *          *          *          *          *          *          V       
 worker3  V          V          *          *          V          V          *          *          V       

  00:01
[info] Context:0/13 Iteration 4: Trying parallel mapping...  
          cluster_0  cluster_1  cluster_2  cluster_3  cluster_4  cluster_5  cluster_6  cluster_7  prepost 
 worker0  *          *          *          *          *          *          *          *          V       
 worker1  V          *          *          *          *          V          *          *          V       
 worker2  V          *          *          *          *          *          *          *          V       
 worker3  V          V          *          *          V          V          *          *          V       

  00:01
[info] Context:0/13 Iteration 4: Trying parallel mapping...  
          cluster_0  cluster_1  cluster_2  cluster_3  cluster_4  cluster_5  cluster_6  cluster_7  prepost 
 worker0  *          *          *          *          *          *          *          *          V       
 worker1  V          *          *          *          *          V          *          *          V       
 worker2  V          *          *          *          *          *          *          *          V       
 worker3  V          V          *          *          V          V          *          *          V       

  00:01
[info] Context:0/13 Iteration 4: Trying parallel mapping...  
          cluster_0  cluster_1  cluster_2  cluster_3  cluster_4  cluster_5  cluster_6  cluster_7  prepost 
 worker0  *          *          *          *          *          *          *          *          V       
 worker1  V          *          *          *          *          V          *          *          V       
 worker2  V          *          *          *          *          *          *          *          V       
 worker3  V          V          *          *          V          V          *          *          V       

  00:01
[info] Context:0/13 Iteration 4: Trying parallel mapping...  
          cluster_0  cluster_1  cluster_2  cluster_3  cluster_4  cluster_5  cluster_6  cluster_7  prepost 
 worker0  *          *          *          *          *          *          *          *          V       
 worker1  V          *          *          *          *          V          *          *          V       
 worker2  V          *          *          *          *          *          *          *          V       
 worker3  V          V          *          *          V          V          *          *          V       

  00:01
[info] Context:0/13 Iteration 4: Trying parallel mapping...  
          cluster_0  cluster_1  cluster_2  cluster_3  cluster_4  cluster_5  cluster_6  cluster_7  prepost 
 worker0  *          *          *          *          *          *          *          *          V       
 worker1  V          *          *          *          *          V          *          *          V       
 worker2  V          *          *          *          *          *          *          *          V       
 worker3  V          V          *          *          V          V          *          *          V       

  00:01
[info] Context:0/13 Iteration 4: Trying parallel mapping...  
          cluster_0  cluster_1  cluster_2  cluster_3  cluster_4  cluster_5  cluster_6  cluster_7  prepost 
 worker0  *          *          *          *          *          *          *          *          V       
 worker1  V          *          *          *          *          V          *          *          V       
 worker2  V          *          *          *          *          *          *          *          V       
 worker3  V          V          *          *          V          V          *          *          V       

  00:01
[info] Context:0/13 Iteration 4: Trying parallel mapping...  
          cluster_0  cluster_1  cluster_2  cluster_3  cluster_4  cluster_5  cluster_6  cluster_7  prepost 
 worker0  *          *          *          *          *          *          *          *          V       
 worker1  V          *          *          *          *          V          *          *          V       
 worker2  V          *          *          *          *          *          *          *          V       
 worker3  V          V          *          *          V          V          *          *          V       

  00:01
[info] Context:0/13 Iteration 4: Trying parallel mapping...  
          cluster_0  cluster_1  cluster_2  cluster_3  cluster_4  cluster_5  cluster_6  cluster_7  prepost 
 worker0  *          *          *          *          *          *          *          *          V       
 worker1  V          *          *          *          *          V          *          *          V       
 worker2  V          *          *          *          *          *          *          *          V       
 worker3  V          V          *          *          V          V          *          *          V       

  00:01
[info] Context:0/13 Iteration 4: Trying parallel mapping...  
          cluster_0  cluster_1  cluster_2  cluster_3  cluster_4  cluster_5  cluster_6  cluster_7  prepost 
 worker0  *          *          *          *          *          *          *          *          V       
 worker1  V          *          *          *          *          V          *          *          V       
 worker2  V          *          *          *          *          *          *          *          V       
 worker3  V          V          *          *          V          V          *          *          V       

  00:01
[info] Context:0/13 Iteration 4: Trying parallel mapping...  
          cluster_0  cluster_1  cluster_2  cluster_3  cluster_4  cluster_5  cluster_6  cluster_7  prepost 
 worker0  *          *          *          *          *          *          *          *          V       
 worker1  V          *          *          *          *          V          *          *          V       
 worker2  V          *          *          *          *          *          *          *          V       
 worker3  V          V          *          *          V          V          *          *          V       

  00:01


[info] Context:1/13 Iteration 0: Trying parallel splits...   
          cluster_0  cluster_1  cluster_2  cluster_3  cluster_4  cluster_5  cluster_6  cluster_7  prepost 
 worker0                                                                                                  
 worker1                                                                                                  
 worker2                                                                                                  
 worker3                                                                                                  

  00:01
[info] Context:1/13 Iteration 0: Trying parallel splits...   
          cluster_0  cluster_1  cluster_2  cluster_3  cluster_4  cluster_5  cluster_6  cluster_7  prepost 
 worker0                                                                                                  
 worker1  *          *          *          *          *          *          *          *          V       
 worker2                                                                                                  
 worker3                                                                                                  

  00:01
[info] Context:1/13 Iteration 4: Trying parallel mapping...  
          cluster_0  cluster_1  cluster_2  cluster_3  cluster_4  cluster_5  cluster_6  cluster_7  prepost 
 worker0  *          *          *          *          *          *          *          *          V       
 worker1  *          *          *          *          *          *          *          *          V       
 worker2                                                                                                  
 worker3                                                                                                  

  00:01
[info] Context:1/13 Iteration 4: Trying parallel mapping...  
          cluster_0  cluster_1  cluster_2  cluster_3  cluster_4  cluster_5  cluster_6  cluster_7  prepost 
 worker0  *          *          *          *          *          *          *          *          V       
 worker1  *          *          *          *          *          *          *          *          V       
 worker2                                                                                                  
 worker3                                                                                                  

  00:01
[info] Context:1/13 Iteration 4: Trying parallel mapping...  
          cluster_0  cluster_1  cluster_2  cluster_3  cluster_4  cluster_5  cluster_6  cluster_7  prepost 
 worker0  *          *          *          *          *          *          *          *          V       
 worker1  *          *          *          *          *          *          *          *          V       
 worker2                                                                                                  
 worker3                                                                                                  

  00:01
[info] Context:1/13 Iteration 4: Trying parallel mapping...  
          cluster_0  cluster_1  cluster_2  cluster_3  cluster_4  cluster_5  cluster_6  cluster_7  prepost 
 worker0  *          *          *          *          *          *          *          *          V       
 worker1  *          V          *          *          V          *          *          *          V       
 worker2                                                                                                  
 worker3                                                                                                  

  00:01
[info] Context:1/13 Iteration 4: Trying parallel mapping...  
          cluster_0  cluster_1  cluster_2  cluster_3  cluster_4  cluster_5  cluster_6  cluster_7  prepost 
 worker0  *          *          *          *          *          *          *          *          V       
 worker1  V          V          *          *          V          V          *          *          V       
 worker2                                                                                                  
 worker3                                                                                                  

  00:01
[info] Context:1/13 Iteration 4: Trying parallel mapping...  
          cluster_0  cluster_1  cluster_2  cluster_3  cluster_4  cluster_5  cluster_6  cluster_7  prepost 
 worker0  *          *          *          *          *          *          *          *          V       
 worker1  V          V          *          *          V          V          *          *          V       
 worker2                                                                                                  
 worker3                                                                                                  

  00:01
[info] Context:1/13 Iteration 4: Trying parallel mapping...  
          cluster_0  cluster_1  cluster_2  cluster_3  cluster_4  cluster_5  cluster_6  cluster_7  prepost 
 worker0  V          *          *          *          V          *          *          *          V       
 worker1  V          V          *          *          V          V          *          *          V       
 worker2                                                                                                  
 worker3                                                                                                  

  00:01
[info] Context:1/13 Iteration 4: Trying parallel mapping...  
          cluster_0  cluster_1  cluster_2  cluster_3  cluster_4  cluster_5  cluster_6  cluster_7  prepost 
 worker0  V          V          *          *          V          V          *          *          V       
 worker1  V          V          *          *          V          V          *          *          V       
 worker2                                                                                                  
 worker3                                                                                                  

  00:02
[info] Context:1/13 Iteration 4: Trying parallel mapping...  
          cluster_0  cluster_1  cluster_2  cluster_3  cluster_4  cluster_5  cluster_6  cluster_7  prepost 
 worker0  V          V          *          *          V          V          *          *          V       
 worker1  V          V          *          *          V          V          *          *          V       
 worker2                                                                                                  
 worker3                                                                                                  

  00:02
[info] Context:1/13 Iteration 4: Trying parallel mapping...  
          cluster_0  cluster_1  cluster_2  cluster_3  cluster_4  cluster_5  cluster_6  cluster_7  prepost 
 worker0  V          V          *          *          V          V          *          *          V       
 worker1  V          V          *          *          V          V          *          *          V       
 worker2                                                                                                  
 worker3                                                                                                  

  00:02
[info] Context:1/13 Iteration 4: Trying parallel mapping...  
          cluster_0  cluster_1  cluster_2  cluster_3  cluster_4  cluster_5  cluster_6  cluster_7  prepost 
 worker0  V          V          *          *          V          V          *          *          V       
 worker1  V          V          *          *          V          V          *          *          V       
 worker2                                                                                                  
 worker3                                                                                                  

  00:02
[info] Context:1/13 Iteration 4: Trying parallel mapping...  
          cluster_0  cluster_1  cluster_2  cluster_3  cluster_4  cluster_5  cluster_6  cluster_7  prepost 
 worker0  V          V          *          *          V          V          *          *          V       
 worker1  V          V          *          *          V          V          *          *          V       
 worker2                                                                                                  
 worker3  *          *          *          *          *          *          *          *          V       

  00:02
[info] Context:1/13 Iteration 4: Trying parallel mapping...  
          cluster_0  cluster_1  cluster_2  cluster_3  cluster_4  cluster_5  cluster_6  cluster_7  prepost 
 worker0  V          V          *          *          V          V          *          *          V       
 worker1  V          V          *          *          V          V          *          *          V       
 worker2                                                                                                  
 worker3  V          V          *          *          *          V          *          *          V       

  00:02
[info] Context:1/13 Iteration 4: Trying parallel mapping...  
          cluster_0  cluster_1  cluster_2  cluster_3  cluster_4  cluster_5  cluster_6  cluster_7  prepost 
 worker0  V          V          *          *          V          V          *          *          V       
 worker1  V          V          *          *          V          V          *          *          V       
 worker2                                                                                                  
 worker3  V          V          *          *          V          V          *          *          V       

  00:02
[info] Context:1/13 Iteration 4: Trying parallel mapping...  
          cluster_0  cluster_1  cluster_2  cluster_3  cluster_4  cluster_5  cluster_6  cluster_7  prepost 
 worker0  V          V          *          *          V          V          *          *          V       
 worker1  V          V          *          *          V          V          *          *          V       
 worker2                                                                                                  
 worker3  V          V          *          *          V          V          *          *          V       

  00:02
[info] Context:1/13 Iteration 4: Trying parallel mapping...  
          cluster_0  cluster_1  cluster_2  cluster_3  cluster_4  cluster_5  cluster_6  cluster_7  prepost 
 worker0  V          V          *          *          V          V          *          *          V       
 worker1  V          V          *          *          V          V          *          *          V       
 worker2                                                                                                  
 worker3  V          V          *          *          V          V          *          *          V       

  00:02
[info] Context:1/13 Iteration 4: Trying parallel mapping...  
          cluster_0  cluster_1  cluster_2  cluster_3  cluster_4  cluster_5  cluster_6  cluster_7  prepost 
 worker0  V          V          *          *          V          V          *          *          V       
 worker1  V          V          *          *          V          V          *          *          V       
 worker2                                                                                                  
 worker3  V          V          *          *          V          V          *          *          V       

  00:02
[info] Context:1/13 Iteration 4: Trying parallel mapping...  
          cluster_0  cluster_1  cluster_2  cluster_3  cluster_4  cluster_5  cluster_6  cluster_7  prepost 
 worker0  V          V          *          *          V          V          *          *          V       
 worker1  V          V          *          *          V          V          *          *          V       
 worker2                                                                                                  
 worker3  V          V          *          *          V          V          *          *          V       

  00:02
[info] Context:1/13 Iteration 4: Trying parallel mapping...  
          cluster_0  cluster_1  cluster_2  cluster_3  cluster_4  cluster_5  cluster_6  cluster_7  prepost 
 worker0  V          V          *          *          V          V          *          *          V       
 worker1  V          V          *          *          V          V          *          *          V       
 worker2                                                                                                  
 worker3  V          V          *          *          V          V          *          *          V       

  00:02
[info] Context:1/13 Iteration 4: Trying parallel mapping...  
          cluster_0  cluster_1  cluster_2  cluster_3  cluster_4  cluster_5  cluster_6  cluster_7  prepost 
 worker0  V          V          *          *          V          V          *          *          V       
 worker1  V          V          *          *          V          V          *          *          V       
 worker2                                                                                                  
 worker3  V          V          *          *          V          V          *          *          V       

  00:02
[info] Context:1/13 Iteration 4: Trying parallel mapping...  
          cluster_0  cluster_1  cluster_2  cluster_3  cluster_4  cluster_5  cluster_6  cluster_7  prepost 
 worker0  V          V          *          *          V          V          *          *          V       
 worker1  V          V          *          *          V          V          *          *          V       
 worker2                                                                                                  
 worker3  V          V          *          *          V          V          *          *          V       

  00:02
[info] Context:1/13 Iteration 4: Trying parallel mapping...  
          cluster_0  cluster_1  cluster_2  cluster_3  cluster_4  cluster_5  cluster_6  cluster_7  prepost 
 worker0  V          V          *          *          V          V          *          *          V       
 worker1  V          V          *          *          V          V          *          *          V       
 worker2                                                                                                  
 worker3  V          V          *          *          V          V          *          *          V       

  00:02
[info] Context:1/13 Iteration 4: Trying parallel mapping...  
          cluster_0  cluster_1  cluster_2  cluster_3  cluster_4  cluster_5  cluster_6  cluster_7  prepost 
 worker0  V          V          *          *          V          V          *          *          V       
 worker1  V          V          *          *          V          V          *          *          V       
 worker2                                                                                                  
 worker3  V          V          *          *          V          V          *          *          V       

  00:02


[info] Context:2/13 Iteration 0: Trying parallel splits...   
          cluster_0  cluster_1  cluster_2  cluster_3  cluster_4  cluster_5  cluster_6  cluster_7  prepost 
 worker0                                                                                                  
 worker1                                                                                                  
 worker2                                                                                                  
 worker3                                                                                                  

  00:02
[info] Context:2/13 Iteration 0: Trying parallel splits...   
          cluster_0  cluster_1  cluster_2  cluster_3  cluster_4  cluster_5  cluster_6  cluster_7  prepost 
 worker0                                                                                                  
 worker1                                                                                                  
 worker2                                                                                                  
 worker3  *          *          *          *          *          *          *          *          V       

  00:02
[info] Context:2/13 Iteration 0: Trying parallel splits...   
          cluster_0  cluster_1  cluster_2  cluster_3  cluster_4  cluster_5  cluster_6  cluster_7  prepost 
 worker0                                                                                                  
 worker1                                                                                                  
 worker2  *          *          *          *          *          *          *          *          V       
 worker3  *          *          *          *          *          *          *          *          V       

  00:02
[info] Context:2/13 Iteration 0: Trying parallel splits...   
          cluster_0  cluster_1  cluster_2  cluster_3  cluster_4  cluster_5  cluster_6  cluster_7  prepost 
 worker0                                                                                                  
 worker1                                                                                                  
 worker2  *          *          *          *          *          *          *          *          V       
 worker3  *          *          *          *          *          *          *          *          V       

  00:02
[info] Context:2/13 Iteration 0: Trying parallel splits...   
          cluster_0  cluster_1  cluster_2  cluster_3  cluster_4  cluster_5  cluster_6  cluster_7  prepost 
 worker0                                                                                                  
 worker1                                                                                                  
 worker2  *          *          *          *          *          *          *          *          V       
 worker3  *          *          *          *          *          *          *          *          V       

  00:02
[info] Context:2/13 Iteration 0: Trying parallel splits...   
          cluster_0  cluster_1  cluster_2  cluster_3  cluster_4  cluster_5  cluster_6  cluster_7  prepost 
 worker0                                                                                                  
 worker1                                                                                                  
 worker2  *          *          *          *          *          *          *          *          V       
 worker3  *          *          *          *          *          *          *          *          V       

  00:02
[info] Context:2/13 Iteration 0: Trying parallel splits...   
          cluster_0  cluster_1  cluster_2  cluster_3  cluster_4  cluster_5  cluster_6  cluster_7  prepost 
 worker0                                                                                                  
 worker1  V          V          *          *          *          *          *          *          V       
 worker2  *          *          *          *          *          *          *          *          V       
 worker3  *          *          *          *          *          *          *          *          V       

  00:02
[info] Context:2/13 Iteration 0: Trying parallel splits...   
          cluster_0  cluster_1  cluster_2  cluster_3  cluster_4  cluster_5  cluster_6  cluster_7  prepost 
 worker0                                                                                                  
 worker1  V          V          *          *          *          *          *          *          V       
 worker2  *          *          *          *          *          *          *          *          V       
 worker3  V          V          *          *          V          V          *          *          V       

  00:02
[info] Context:2/13 Iteration 0: Trying parallel splits...   
          cluster_0  cluster_1  cluster_2  cluster_3  cluster_4  cluster_5  cluster_6  cluster_7  prepost 
 worker0                                                                                                  
 worker1  V          V          *          *          V          *          *          *          V       
 worker2  *          *          *          *          *          *          *          *          V       
 worker3  V          V          *          *          V          V          *          *          V       

  00:02
[info] Context:2/13 Iteration 0: Trying parallel splits...   
          cluster_0  cluster_1  cluster_2  cluster_3  cluster_4  cluster_5  cluster_6  cluster_7  prepost 
 worker0                                                                                                  
 worker1  V          V          *          *          V          *          *          *          V       
 worker2  *          *          *          *          *          *          *          *          V       
 worker3  V          V          *          *          V          V          *          *          V       

  00:02
[info] Context:2/13 Iteration 0: Trying parallel splits...   
          cluster_0  cluster_1  cluster_2  cluster_3  cluster_4  cluster_5  cluster_6  cluster_7  prepost 
 worker0                                                                                                  
 worker1  V          V          *          *          V          *          *          *          V       
 worker2  *          *          *          *          *          *          *          *          V       
 worker3  V          V          *          *          V          V          *          *          V       

  00:02
[info] Context:2/13 Iteration 0: Trying parallel splits...   
          cluster_0  cluster_1  cluster_2  cluster_3  cluster_4  cluster_5  cluster_6  cluster_7  prepost 
 worker0                                                                                                  
 worker1  V          V          *          *          V          *          *          *          V       
 worker2  *          *          *          *          *          *          *          *          V       
 worker3  V          V          *          *          V          V          *          *          V       

  00:02
[info] Context:2/13 Iteration 0: Trying parallel splits...   
          cluster_0  cluster_1  cluster_2  cluster_3  cluster_4  cluster_5  cluster_6  cluster_7  prepost 
 worker0                                                                                                  
 worker1  V          V          *          *          V          *          *          *          V       
 worker2  *          *          *          *          *          *          *          *          V       
 worker3  V          V          *          *          V          V          *          *          V       

  00:02
[info] Context:2/13 Iteration 0: Trying parallel splits...   
          cluster_0  cluster_1  cluster_2  cluster_3  cluster_4  cluster_5  cluster_6  cluster_7  prepost 
 worker0                                                                                                  
 worker1  V          V          *          *          V          *          *          *          V       
 worker2  *          *          *          *          *          *          *          *          V       
 worker3  V          V          *          *          V          V          *          *          V       

  00:02
[info] Context:2/13 Iteration 0: Trying parallel splits...   
          cluster_0  cluster_1  cluster_2  cluster_3  cluster_4  cluster_5  cluster_6  cluster_7  prepost 
 worker0                                                                                                  
 worker1  V          V          *          *          V          *          *          *          V       
 worker2  *          *          *          *          *          *          *          *          V       
 worker3  V          V          *          *          V          V          *          *          V       

  00:02
[info] Context:2/13 Iteration 0: Trying parallel splits...   
          cluster_0  cluster_1  cluster_2  cluster_3  cluster_4  cluster_5  cluster_6  cluster_7  prepost 
 worker0                                                                                                  
 worker1  V          V          *          *          V          *          *          *          V       
 worker2  *          *          *          *          *          *          *          *          V       
 worker3  V          V          *          *          V          V          *          *          V       

  00:02
[info] Context:2/13 Iteration 0: Trying parallel splits...   
          cluster_0  cluster_1  cluster_2  cluster_3  cluster_4  cluster_5  cluster_6  cluster_7  prepost 
 worker0                                                                                                  
 worker1  V          V          *          *          V          *          *          *          V       
 worker2  *          *          *          *          *          *          *          *          V       
 worker3  V          V          *          *          V          V          *          *          V       

  00:02
[info] Context:2/13 Iteration 0: Trying parallel splits...   
          cluster_0  cluster_1  cluster_2  cluster_3  cluster_4  cluster_5  cluster_6  cluster_7  prepost 
 worker0                                                                                                  
 worker1  V          V          *          *          V          *          *          *          V       
 worker2  *          *          *          *          *          *          *          *          V       
 worker3  V          V          *          *          V          V          *          *          V       

  00:02
[info] Context:2/13 Iteration 0: Trying parallel splits...   
          cluster_0  cluster_1  cluster_2  cluster_3  cluster_4  cluster_5  cluster_6  cluster_7  prepost 
 worker0                                                                                                  
 worker1  V          V          *          *          V          *          *          *          V       
 worker2  *          *          *          *          *          *          *          *          V       
 worker3  V          V          *          *          V          V          *          *          V       

  00:02
[info] Context:2/13 Iteration 0: Trying parallel splits...   
          cluster_0  cluster_1  cluster_2  cluster_3  cluster_4  cluster_5  cluster_6  cluster_7  prepost 
 worker0                                                                                                  
 worker1  V          V          *          *          V          *          *          *          V       
 worker2  *          *          *          *          *          *          *          *          V       
 worker3  V          V          *          *          V          V          *          *          V       

  00:02
[info] Context:2/13 Iteration 0: Trying parallel splits...   
          cluster_0  cluster_1  cluster_2  cluster_3  cluster_4  cluster_5  cluster_6  cluster_7  prepost 
 worker0                                                                                                  
 worker1  V          V          *          *          V          *          *          *          V       
 worker2  *          *          *          *          *          *          *          *          V       
 worker3  V          V          *          *          V          V          *          *          V       

  00:02
[info] Context:2/13 Iteration 0: Trying parallel splits...   
          cluster_0  cluster_1  cluster_2  cluster_3  cluster_4  cluster_5  cluster_6  cluster_7  prepost 
 worker0                                                                                                  
 worker1  V          V          *          *          V          *          *          *          V       
 worker2  *          *          *          *          *          *          *          *          V       
 worker3  V          V          *          *          V          V          *          *          V       

  00:02
[info] Context:2/13 Iteration 0: Trying parallel splits...   
          cluster_0  cluster_1  cluster_2  cluster_3  cluster_4  cluster_5  cluster_6  cluster_7  prepost 
 worker0                                                                                                  
 worker1  V          V          *          *          V          *          *          *          V       
 worker2  *          *          *          *          *          *          *          *          V       
 worker3  V          V          *          *          V          V          *          *          V       

  00:02


[info] Context:3/13 Iteration 0: Trying parallel splits...   
          cluster_0  cluster_1  cluster_2  cluster_3  cluster_4  cluster_5  cluster_6  cluster_7  prepost 
 worker0                                                                                                  
 worker1                                                                                                  
 worker2                                                                                                  
 worker3                                                                                                  

  00:03
[info] Context:3/13 Iteration 0: Trying parallel splits...   
          cluster_0  cluster_1  cluster_2  cluster_3  cluster_4  cluster_5  cluster_6  cluster_7  prepost 
 worker0                                                                                                  
 worker1                                                                                                  
 worker2                                                                                                  
 worker3  *          *          *          *          *          *          *          *          V       

  00:03
[info] Context:3/13 Iteration 0: Trying parallel splits...   
          cluster_0  cluster_1  cluster_2  cluster_3  cluster_4  cluster_5  cluster_6  cluster_7  prepost 
 worker0                                                                                                  
 worker1                                                                                                  
 worker2  *          *          *          *          *          *          *          *          V       
 worker3  *          *          *          *          *          *          *          *          V       

  00:03
[info] Context:3/13 Iteration 0: Trying parallel splits...   
          cluster_0  cluster_1  cluster_2  cluster_3  cluster_4  cluster_5  cluster_6  cluster_7  prepost 
 worker0                                                                                                  
 worker1                                                                                                  
 worker2  *          *          *          *          *          *          *          *          V       
 worker3  *          *          *          *          *          *          *          *          V       

  00:03
[info] Context:3/13 Iteration 0: Trying parallel splits...   
          cluster_0  cluster_1  cluster_2  cluster_3  cluster_4  cluster_5  cluster_6  cluster_7  prepost 
 worker0                                                                                                  
 worker1                                                                                                  
 worker2  *          *          *          *          *          *          *          *          V       
 worker3  *          *          *          *          *          *          *          *          V       

  00:03
[info] Context:3/13 Iteration 0: Trying parallel splits...   
          cluster_0  cluster_1  cluster_2  cluster_3  cluster_4  cluster_5  cluster_6  cluster_7  prepost 
 worker0                                                                                                  
 worker1                                                                                                  
 worker2  *          *          *          *          *          *          *          *          V       
 worker3  *          *          *          *          *          *          *          *          V       

  00:03
[info] Context:3/13 Iteration 4: Trying parallel mapping...  
          cluster_0  cluster_1  cluster_2  cluster_3  cluster_4  cluster_5  cluster_6  cluster_7  prepost 
 worker0  *          *          *          *          *          *          *          *          V       
 worker1                                                                                                  
 worker2  *          *          *          *          *          *          *          *          V       
 worker3  *          *          *          *          *          *          *          *          V       

  00:03
[info] Context:3/13 Iteration 4: Trying parallel mapping...  
          cluster_0  cluster_1  cluster_2  cluster_3  cluster_4  cluster_5  cluster_6  cluster_7  prepost 
 worker0  *          *          *          *          *          *          *          *          V       
 worker1                                                                                                  
 worker2  *          *          *          *          *          *          *          *          V       
 worker3  V          V          *          *          V          *          *          *          V       

  00:03
[info] Context:3/13 Iteration 4: Trying parallel mapping...  
          cluster_0  cluster_1  cluster_2  cluster_3  cluster_4  cluster_5  cluster_6  cluster_7  prepost 
 worker0  *          *          *          *          *          *          *          *          V       
 worker1                                                                                                  
 worker2  V          V          *          *          V          V          *          *          V       
 worker3  V          V          *          *          V          *          *          *          V       

  00:03
[info] Context:3/13 Iteration 4: Trying parallel mapping...  
          cluster_0  cluster_1  cluster_2  cluster_3  cluster_4  cluster_5  cluster_6  cluster_7  prepost 
 worker0  *          *          *          *          *          *          *          *          V       
 worker1                                                                                                  
 worker2  V          V          *          *          V          V          *          *          V       
 worker3  V          V          *          *          V          *          *          *          V       

  00:03
[info] Context:3/13 Iteration 4: Trying parallel mapping...  
          cluster_0  cluster_1  cluster_2  cluster_3  cluster_4  cluster_5  cluster_6  cluster_7  prepost 
 worker0  *          *          *          *          *          *          *          *          V       
 worker1                                                                                                  
 worker2  V          V          *          *          V          V          *          *          V       
 worker3  V          V          *          *          V          *          *          *          V       

  00:03
[info] Context:3/13 Iteration 4: Trying parallel mapping...  
          cluster_0  cluster_1  cluster_2  cluster_3  cluster_4  cluster_5  cluster_6  cluster_7  prepost 
 worker0  *          *          *          *          *          *          *          *          V       
 worker1                                                                                                  
 worker2  V          V          *          *          V          V          *          *          V       
 worker3  V          V          *          *          V          *          *          *          V       

  00:03
[info] Context:3/13 Iteration 4: Trying parallel mapping...  
          cluster_0  cluster_1  cluster_2  cluster_3  cluster_4  cluster_5  cluster_6  cluster_7  prepost 
 worker0  *          *          *          *          *          *          *          *          V       
 worker1                                                                                                  
 worker2  V          V          *          *          V          V          *          *          V       
 worker3  V          V          *          *          V          *          *          *          V       

  00:03
[info] Context:3/13 Iteration 4: Trying parallel mapping...  
          cluster_0  cluster_1  cluster_2  cluster_3  cluster_4  cluster_5  cluster_6  cluster_7  prepost 
 worker0  *          *          *          *          *          *          *          *          V       
 worker1                                                                                                  
 worker2  V          V          *          *          V          V          *          *          V       
 worker3  V          V          *          *          V          *          *          *          V       

  00:03
[info] Context:3/13 Iteration 4: Trying parallel mapping...  
          cluster_0  cluster_1  cluster_2  cluster_3  cluster_4  cluster_5  cluster_6  cluster_7  prepost 
 worker0  *          *          *          *          *          *          *          *          V       
 worker1                                                                                                  
 worker2  V          V          *          *          V          V          *          *          V       
 worker3  V          V          *          *          V          *          *          *          V       

  00:03
[info] Context:3/13 Iteration 4: Trying parallel mapping...  
          cluster_0  cluster_1  cluster_2  cluster_3  cluster_4  cluster_5  cluster_6  cluster_7  prepost 
 worker0  *          *          *          *          *          *          *          *          V       
 worker1                                                                                                  
 worker2  V          V          *          *          V          V          *          *          V       
 worker3  V          V          *          *          V          *          *          *          V       

  00:03
[info] Context:3/13 Iteration 4: Trying parallel mapping...  
          cluster_0  cluster_1  cluster_2  cluster_3  cluster_4  cluster_5  cluster_6  cluster_7  prepost 
 worker0  *          *          *          *          *          *          *          *          V       
 worker1                                                                                                  
 worker2  V          V          *          *          V          V          *          *          V       
 worker3  V          V          *          *          V          *          *          *          V       

  00:03
[info] Context:3/13 Iteration 4: Trying parallel mapping...  
          cluster_0  cluster_1  cluster_2  cluster_3  cluster_4  cluster_5  cluster_6  cluster_7  prepost 
 worker0  *          *          *          *          *          *          *          *          V       
 worker1                                                                                                  
 worker2  V          V          *          *          V          V          *          *          V       
 worker3  V          V          *          *          V          *          *          *          V       

  00:03
[info] Context:3/13 Iteration 4: Trying parallel mapping...  
          cluster_0  cluster_1  cluster_2  cluster_3  cluster_4  cluster_5  cluster_6  cluster_7  prepost 
 worker0  *          *          *          *          *          *          *          *          V       
 worker1                                                                                                  
 worker2  V          V          *          *          V          V          *          *          V       
 worker3  V          V          *          *          V          *          *          *          V       

  00:03
[info] Context:3/13 Iteration 4: Trying parallel mapping...  
          cluster_0  cluster_1  cluster_2  cluster_3  cluster_4  cluster_5  cluster_6  cluster_7  prepost 
 worker0  *          *          *          *          *          *          *          *          V       
 worker1                                                                                                  
 worker2  V          V          *          *          V          V          *          *          V       
 worker3  V          V          *          *          V          *          *          *          V       

  00:03
[info] Context:3/13 Iteration 4: Trying parallel mapping...  
          cluster_0  cluster_1  cluster_2  cluster_3  cluster_4  cluster_5  cluster_6  cluster_7  prepost 
 worker0  *          *          *          *          *          *          *          *          V       
 worker1                                                                                                  
 worker2  V          V          *          *          V          V          *          *          V       
 worker3  V          V          *          *          V          *          *          *          V       

  00:03
[info] Context:3/13 Iteration 4: Trying parallel mapping...  
          cluster_0  cluster_1  cluster_2  cluster_3  cluster_4  cluster_5  cluster_6  cluster_7  prepost 
 worker0  *          *          *          *          *          *          *          *          V       
 worker1                                                                                                  
 worker2  V          V          *          *          V          V          *          *          V       
 worker3  V          V          *          *          V          *          *          *          V       

  00:03
[info] Context:3/13 Iteration 4: Trying parallel mapping...  
          cluster_0  cluster_1  cluster_2  cluster_3  cluster_4  cluster_5  cluster_6  cluster_7  prepost 
 worker0  *          *          *          *          *          *          *          *          V       
 worker1                                                                                                  
 worker2  V          V          *          *          V          V          *          *          V       
 worker3  V          V          *          *          V          *          *          *          V       

  00:03


[info] Context:4/13 Iteration 0: Trying parallel splits...   
          cluster_0  cluster_1  cluster_2  cluster_3  cluster_4  cluster_5  cluster_6  cluster_7  prepost 
 worker0                                                                                                  
 worker1                                                                                                  
 worker2                                                                                                  
 worker3                                                                                                  

  00:03
[info] Context:4/13 Iteration 0: Trying parallel splits...   
          cluster_0  cluster_1  cluster_2  cluster_3  cluster_4  cluster_5  cluster_6  cluster_7  prepost 
 worker0                                                                                                  
 worker1                                                                                                  
 worker2  *          *          *          *          *          *          *          *          V       
 worker3                                                                                                  

  00:03
[info] Context:4/13 Iteration 0: Trying parallel splits...   
          cluster_0  cluster_1  cluster_2  cluster_3  cluster_4  cluster_5  cluster_6  cluster_7  prepost 
 worker0                                                                                                  
 worker1  *          *          *          *          *          *          *          *          V       
 worker2  *          *          *          *          *          *          *          *          V       
 worker3                                                                                                  

  00:03
[info] Context:4/13 Iteration 0: Trying parallel splits...   
          cluster_0  cluster_1  cluster_2  cluster_3  cluster_4  cluster_5  cluster_6  cluster_7  prepost 
 worker0                                                                                                  
 worker1  *          *          *          *          *          *          *          *          V       
 worker2  *          *          *          *          *          *          *          *          V       
 worker3  *          *          *          *          *          *          *          *          V       

  00:03
[info] Context:4/13 Iteration 0: Trying parallel splits...   
          cluster_0  cluster_1  cluster_2  cluster_3  cluster_4  cluster_5  cluster_6  cluster_7  prepost 
 worker0                                                                                                  
 worker1  *          *          *          *          *          *          *          *          V       
 worker2  *          *          *          *          *          *          *          *          V       
 worker3  *          *          *          *          *          *          *          *          V       

  00:03
[info] Context:4/13 Iteration 0: Trying parallel splits...   
          cluster_0  cluster_1  cluster_2  cluster_3  cluster_4  cluster_5  cluster_6  cluster_7  prepost 
 worker0                                                                                                  
 worker1  *          *          *          *          *          *          *          *          V       
 worker2  *          V          *          *          *          V          *          *          V       
 worker3  *          *          *          *          *          *          *          *          V       

  00:03
[info] Context:4/13 Iteration 0: Trying parallel splits...   
          cluster_0  cluster_1  cluster_2  cluster_3  cluster_4  cluster_5  cluster_6  cluster_7  prepost 
 worker0                                                                                                  
 worker1  V          V          *          *          V          *          *          *          V       
 worker2  *          V          *          *          *          V          *          *          V       
 worker3  *          *          *          *          *          *          *          *          V       

  00:03
[info] Context:4/13 Iteration 0: Trying parallel splits...   
          cluster_0  cluster_1  cluster_2  cluster_3  cluster_4  cluster_5  cluster_6  cluster_7  prepost 
 worker0                                                                                                  
 worker1  V          V          *          *          V          *          *          *          V       
 worker2  *          V          *          *          *          V          *          *          V       
 worker3  V          *          *          *          V          V          *          *          V       

  00:03
[info] Context:4/13 Iteration 0: Trying parallel splits...   
          cluster_0  cluster_1  cluster_2  cluster_3  cluster_4  cluster_5  cluster_6  cluster_7  prepost 
 worker0                                                                                                  
 worker1  V          V          *          *          V          *          *          *          V       
 worker2  *          V          *          *          *          V          *          *          V       
 worker3  V          V          *          *          V          V          *          *          V       

  00:03
[info] Context:4/13 Iteration 0: Trying parallel splits...   
          cluster_0  cluster_1  cluster_2  cluster_3  cluster_4  cluster_5  cluster_6  cluster_7  prepost 
 worker0                                                                                                  
 worker1  V          V          *          *          V          *          *          *          V       
 worker2  *          V          *          *          *          V          *          *          V       
 worker3  V          V          *          *          V          V          *          *          V       

  00:03
[info] Context:4/13 Iteration 0: Trying parallel splits...   
          cluster_0  cluster_1  cluster_2  cluster_3  cluster_4  cluster_5  cluster_6  cluster_7  prepost 
 worker0                                                                                                  
 worker1  V          V          *          *          V          *          *          *          V       
 worker2  *          V          *          *          *          V          *          *          V       
 worker3  V          V          *          *          V          V          *          *          V       

  00:03
[info] Context:4/13 Iteration 0: Trying parallel splits...   
          cluster_0  cluster_1  cluster_2  cluster_3  cluster_4  cluster_5  cluster_6  cluster_7  prepost 
 worker0                                                                                                  
 worker1  V          V          *          *          V          *          *          *          V       
 worker2  *          V          *          *          *          V          *          *          V       
 worker3  V          V          *          *          V          V          *          *          V       

  00:03
[info] Context:4/13 Iteration 0: Trying parallel splits...   
          cluster_0  cluster_1  cluster_2  cluster_3  cluster_4  cluster_5  cluster_6  cluster_7  prepost 
 worker0                                                                                                  
 worker1  V          V          *          *          V          *          *          *          V       
 worker2  *          V          *          *          *          V          *          *          V       
 worker3  V          V          *          *          V          V          *          *          V       

  00:03
[info] Context:4/13 Iteration 0: Trying parallel splits...   
          cluster_0  cluster_1  cluster_2  cluster_3  cluster_4  cluster_5  cluster_6  cluster_7  prepost 
 worker0                                                                                                  
 worker1  V          V          *          *          V          *          *          *          V       
 worker2  *          V          *          *          *          V          *          *          V       
 worker3  V          V          *          *          V          V          *          *          V       

  00:03
[info] Context:4/13 Iteration 4: Trying parallel mapping...  
          cluster_0  cluster_1  cluster_2  cluster_3  cluster_4  cluster_5  cluster_6  cluster_7  prepost 
 worker0  *          *          *          *          *          *          *          *          V       
 worker1  V          V          *          *          V          *          *          *          V       
 worker2  *          V          *          *          *          V          *          *          V       
 worker3  V          V          *          *          V          V          *          *          V       

  00:03
[info] Context:4/13 Iteration 4: Trying parallel mapping...  
          cluster_0  cluster_1  cluster_2  cluster_3  cluster_4  cluster_5  cluster_6  cluster_7  prepost 
 worker0  *          *          *          *          *          *          *          *          V       
 worker1  V          V          *          *          V          *          *          *          V       
 worker2  *          V          *          *          *          V          *          *          V       
 worker3  V          V          *          *          V          V          *          *          V       

  00:03
[info] Context:4/13 Iteration 4: Trying parallel mapping...  
          cluster_0  cluster_1  cluster_2  cluster_3  cluster_4  cluster_5  cluster_6  cluster_7  prepost 
 worker0  *          *          *          *          *          *          *          *          V       
 worker1  V          V          *          *          V          *          *          *          V       
 worker2  *          V          *          *          *          V          *          *          V       
 worker3  V          V          *          *          V          V          *          *          V       

  00:03
[info] Context:4/13 Iteration 4: Trying parallel mapping...  
          cluster_0  cluster_1  cluster_2  cluster_3  cluster_4  cluster_5  cluster_6  cluster_7  prepost 
 worker0  *          *          *          *          V          *          *          *          V       
 worker1  V          V          *          *          V          *          *          *          V       
 worker2  *          V          *          *          *          V          *          *          V       
 worker3  V          V          *          *          V          V          *          *          V       

  00:03
[info] Context:4/13 Iteration 4: Trying parallel mapping...  
          cluster_0  cluster_1  cluster_2  cluster_3  cluster_4  cluster_5  cluster_6  cluster_7  prepost 
 worker0  V          V          *          *          V          V          *          *          V       
 worker1  V          V          *          *          V          *          *          *          V       
 worker2  *          V          *          *          *          V          *          *          V       
 worker3  V          V          *          *          V          V          *          *          V       

  00:03
[info] Context:4/13 Iteration 4: Trying parallel mapping...  
          cluster_0  cluster_1  cluster_2  cluster_3  cluster_4  cluster_5  cluster_6  cluster_7  prepost 
 worker0  V          V          *          *          V          V          *          *          V       
 worker1  V          V          *          *          V          *          *          *          V       
 worker2  *          V          *          *          *          V          *          *          V       
 worker3  V          V          *          *          V          V          *          *          V       

  00:03
[info] Context:4/13 Iteration 4: Trying parallel mapping...  
          cluster_0  cluster_1  cluster_2  cluster_3  cluster_4  cluster_5  cluster_6  cluster_7  prepost 
 worker0  V          V          *          *          V          V          *          *          V       
 worker1  V          V          *          *          V          *          *          *          V       
 worker2  *          V          *          *          *          V          *          *          V       
 worker3  V          V          *          *          V          V          *          *          V       

  00:04
[info] Context:4/13 Iteration 4: Trying parallel mapping...  
          cluster_0  cluster_1  cluster_2  cluster_3  cluster_4  cluster_5  cluster_6  cluster_7  prepost 
 worker0  V          V          *          *          V          V          *          *          V       
 worker1  V          V          *          *          V          *          *          *          V       
 worker2  *          V          *          *          *          V          *          *          V       
 worker3  V          V          *          *          V          V          *          *          V       

  00:04
[info] Context:4/13 Iteration 4: Trying parallel mapping...  
          cluster_0  cluster_1  cluster_2  cluster_3  cluster_4  cluster_5  cluster_6  cluster_7  prepost 
 worker0  V          V          *          *          V          V          *          *          V       
 worker1  V          V          *          *          V          *          *          *          V       
 worker2  *          V          *          *          *          V          *          *          V       
 worker3  V          V          *          *          V          V          *          *          V       

  00:04
[info] Context:4/13 Iteration 4: Trying parallel mapping...  
          cluster_0  cluster_1  cluster_2  cluster_3  cluster_4  cluster_5  cluster_6  cluster_7  prepost 
 worker0  V          V          *          *          V          V          *          *          V       
 worker1  V          V          *          *          V          *          *          *          V       
 worker2  *          V          *          *          *          V          *          *          V       
 worker3  V          V          *          *          V          V          *          *          V       

  00:04


[info] Context:5/13 Iteration 0: Trying parallel splits...   
          cluster_0  cluster_1  cluster_2  cluster_3  cluster_4  cluster_5  cluster_6  cluster_7  prepost 
 worker0                                                                                                  
 worker1                                                                                                  
 worker2                                                                                                  
 worker3                                                                                                  

  00:04
[info] Context:5/13 Iteration 4: Trying parallel mapping...  
          cluster_0  cluster_1  cluster_2  cluster_3  cluster_4  cluster_5  cluster_6  cluster_7  prepost 
 worker0  *          *          *          *          *          *          *          *          V       
 worker1                                                                                                  
 worker2                                                                                                  
 worker3                                                                                                  

  00:04
[info] Context:5/13 Iteration 4: Trying parallel mapping...  
          cluster_0  cluster_1  cluster_2  cluster_3  cluster_4  cluster_5  cluster_6  cluster_7  prepost 
 worker0  *          *          *          *          *          *          *          *          V       
 worker1                                                                                                  
 worker2                                                                                                  
 worker3  *          *          *          *          *          *          *          *          V       

  00:04
[info] Context:5/13 Iteration 4: Trying parallel mapping...  
          cluster_0  cluster_1  cluster_2  cluster_3  cluster_4  cluster_5  cluster_6  cluster_7  prepost 
 worker0  *          *          *          *          *          *          *          *          V       
 worker1                                                                                                  
 worker2                                                                                                  
 worker3  *          *          *          *          *          *          *          *          V       

  00:04
[info] Context:5/13 Iteration 4: Trying parallel mapping...  
          cluster_0  cluster_1  cluster_2  cluster_3  cluster_4  cluster_5  cluster_6  cluster_7  prepost 
 worker0  *          *          *          *          *          *          *          *          V       
 worker1                                                                                                  
 worker2                                                                                                  
 worker3  *          *          *          *          *          *          *          *          V       

  00:04
[info] Context:5/13 Iteration 4: Trying parallel mapping...  
          cluster_0  cluster_1  cluster_2  cluster_3  cluster_4  cluster_5  cluster_6  cluster_7  prepost 
 worker0  *          *          *          *          *          *          *          *          V       
 worker1  *          *          *          *          *          *          *          *          V       
 worker2                                                                                                  
 worker3  *          *          *          *          *          *          *          *          V       

  00:04
[info] Context:5/13 Iteration 4: Trying parallel mapping...  
          cluster_0  cluster_1  cluster_2  cluster_3  cluster_4  cluster_5  cluster_6  cluster_7  prepost 
 worker0  *          *          *          *          *          *          *          *          V       
 worker1  *          V          *          *          V          *          *          *          V       
 worker2                                                                                                  
 worker3  *          *          *          *          *          *          *          *          V       

  00:04
[info] Context:5/13 Iteration 4: Trying parallel mapping...  
          cluster_0  cluster_1  cluster_2  cluster_3  cluster_4  cluster_5  cluster_6  cluster_7  prepost 
 worker0  *          *          *          *          *          *          *          *          V       
 worker1  *          V          *          *          V          *          *          *          V       
 worker2  V          V          *          *          V          *          *          *          V       
 worker3  *          *          *          *          *          *          *          *          V       

  00:04
[info] Context:5/13 Iteration 4: Trying parallel mapping...  
          cluster_0  cluster_1  cluster_2  cluster_3  cluster_4  cluster_5  cluster_6  cluster_7  prepost 
 worker0  *          *          *          *          *          *          *          *          V       
 worker1  *          V          *          *          V          *          *          *          V       
 worker2  V          V          *          *          V          *          *          *          V       
 worker3  V          V          *          *          V          V          *          *          V       

  00:04
[info] Context:5/13 Iteration 4: Trying parallel mapping...  
          cluster_0  cluster_1  cluster_2  cluster_3  cluster_4  cluster_5  cluster_6  cluster_7  prepost 
 worker0  *          *          *          *          *          *          *          *          V       
 worker1  *          V          *          *          V          *          *          *          V       
 worker2  V          V          *          *          V          *          *          *          V       
 worker3  V          V          *          *          V          V          *          *          V       

  00:04
[info] Context:5/13 Iteration 4: Trying parallel mapping...  
          cluster_0  cluster_1  cluster_2  cluster_3  cluster_4  cluster_5  cluster_6  cluster_7  prepost 
 worker0  *          *          *          *          *          *          *          *          V       
 worker1  *          V          *          *          V          *          *          *          V       
 worker2  V          V          *          *          V          *          *          *          V       
 worker3  V          V          *          *          V          V          *          *          V       

  00:04
[info] Context:5/13 Iteration 4: Trying parallel mapping...  
          cluster_0  cluster_1  cluster_2  cluster_3  cluster_4  cluster_5  cluster_6  cluster_7  prepost 
 worker0  *          *          *          *          *          *          *          *          V       
 worker1  *          V          *          *          V          *          *          *          V       
 worker2  V          V          *          *          V          *          *          *          V       
 worker3  V          V          *          *          V          V          *          *          V       

  00:04
[info] Context:5/13 Iteration 4: Trying parallel mapping...  
          cluster_0  cluster_1  cluster_2  cluster_3  cluster_4  cluster_5  cluster_6  cluster_7  prepost 
 worker0  *          *          *          *          *          *          *          *          V       
 worker1  *          V          *          *          V          *          *          *          V       
 worker2  V          V          *          *          V          *          *          *          V       
 worker3  V          V          *          *          V          V          *          *          V       

  00:04
[info] Context:5/13 Iteration 4: Trying parallel mapping...  
          cluster_0  cluster_1  cluster_2  cluster_3  cluster_4  cluster_5  cluster_6  cluster_7  prepost 
 worker0  *          *          *          *          *          *          *          *          V       
 worker1  *          V          *          *          V          *          *          *          V       
 worker2  V          V          *          *          V          *          *          *          V       
 worker3  V          V          *          *          V          V          *          *          V       

  00:04
[info] Context:5/13 Iteration 4: Trying parallel mapping...  
          cluster_0  cluster_1  cluster_2  cluster_3  cluster_4  cluster_5  cluster_6  cluster_7  prepost 
 worker0  *          *          *          *          *          *          *          *          V       
 worker1  *          V          *          *          V          *          *          *          V       
 worker2  V          V          *          *          V          *          *          *          V       
 worker3  V          V          *          *          V          V          *          *          V       

  00:04
[info] Context:5/13 Iteration 4: Trying parallel mapping...  
          cluster_0  cluster_1  cluster_2  cluster_3  cluster_4  cluster_5  cluster_6  cluster_7  prepost 
 worker0  *          *          *          *          *          *          *          *          V       
 worker1  *          V          *          *          V          *          *          *          V       
 worker2  V          V          *          *          V          *          *          *          V       
 worker3  V          V          *          *          V          V          *          *          V       

  00:04
[info] Context:5/13 Iteration 4: Trying parallel mapping...  
          cluster_0  cluster_1  cluster_2  cluster_3  cluster_4  cluster_5  cluster_6  cluster_7  prepost 
 worker0  *          *          *          *          *          *          *          *          V       
 worker1  *          V          *          *          V          *          *          *          V       
 worker2  V          V          *          *          V          *          *          *          V       
 worker3  V          V          *          *          V          V          *          *          V       

  00:04
[info] Context:5/13 Iteration 4: Trying parallel mapping...  
          cluster_0  cluster_1  cluster_2  cluster_3  cluster_4  cluster_5  cluster_6  cluster_7  prepost 
 worker0  *          *          *          *          *          *          *          *          V       
 worker1  *          V          *          *          V          *          *          *          V       
 worker2  V          V          *          *          V          *          *          *          V       
 worker3  V          V          *          *          V          V          *          *          V       

  00:04
[info] Context:5/13 Iteration 4: Trying parallel mapping...  
          cluster_0  cluster_1  cluster_2  cluster_3  cluster_4  cluster_5  cluster_6  cluster_7  prepost 
 worker0  *          *          *          *          *          *          *          *          V       
 worker1  *          V          *          *          V          *          *          *          V       
 worker2  V          V          *          *          V          *          *          *          V       
 worker3  V          V          *          *          V          V          *          *          V       

  00:04


[info] Context:6/13 Iteration 0: Trying parallel splits...   
          cluster_0  cluster_1  cluster_2  cluster_3  cluster_4  cluster_5  cluster_6  cluster_7  prepost 
 worker0                                                                                                  
 worker1                                                                                                  
 worker2                                                                                                  
 worker3                                                                                                  

  00:04
[info] Context:6/13 Iteration 0: Trying parallel splits...   
          cluster_0  cluster_1  cluster_2  cluster_3  cluster_4  cluster_5  cluster_6  cluster_7  prepost 
 worker0                                                                                                  
 worker1                                                                                                  
 worker2  *          *          *          *          *          *          *          *          V       
 worker3                                                                                                  

  00:05
[info] Context:6/13 Iteration 4: Trying parallel mapping...  
          cluster_0  cluster_1  cluster_2  cluster_3  cluster_4  cluster_5  cluster_6  cluster_7  prepost 
 worker0  *          *          *          *          *          *          *          *          V       
 worker1                                                                                                  
 worker2  *          *          *          *          *          *          *          *          V       
 worker3                                                                                                  

  00:05
[info] Context:6/13 Iteration 4: Trying parallel mapping...  
          cluster_0  cluster_1  cluster_2  cluster_3  cluster_4  cluster_5  cluster_6  cluster_7  prepost 
 worker0  *          *          *          *          *          *          *          *          V       
 worker1                                                                                                  
 worker2  *          *          *          *          *          *          *          *          V       
 worker3                                                                                                  

  00:05
[info] Context:6/13 Iteration 4: Trying parallel mapping...  
          cluster_0  cluster_1  cluster_2  cluster_3  cluster_4  cluster_5  cluster_6  cluster_7  prepost 
 worker0  *          *          *          *          *          *          *          *          V       
 worker1                                                                                                  
 worker2  *          *          *          *          *          *          *          *          V       
 worker3                                                                                                  

  00:05
[info] Context:6/13 Iteration 4: Trying parallel mapping...  
          cluster_0  cluster_1  cluster_2  cluster_3  cluster_4  cluster_5  cluster_6  cluster_7  prepost 
 worker0  *          *          *          *          *          *          *          *          V       
 worker1                                                                                                  
 worker2  *          *          *          *          *          *          *          *          V       
 worker3  *          *          *          *          *          *          *          *          V       

  00:05
[info] Context:6/13 Iteration 4: Trying parallel mapping...  
          cluster_0  cluster_1  cluster_2  cluster_3  cluster_4  cluster_5  cluster_6  cluster_7  prepost 
 worker0  *          *          *          *          *          *          *          *          V       
 worker1                                                                                                  
 worker2  *          *          *          *          *          *          *          *          V       
 worker3  *          V          *          *          *          V          *          *          V       

  00:05
[info] Context:6/13 Iteration 4: Trying parallel mapping...  
          cluster_0  cluster_1  cluster_2  cluster_3  cluster_4  cluster_5  cluster_6  cluster_7  prepost 
 worker0  V          V          *          *          *          V          *          *          V       
 worker1                                                                                                  
 worker2  *          *          *          *          *          *          *          *          V       
 worker3  *          V          *          *          *          V          *          *          V       

  00:05
[info] Context:6/13 Iteration 4: Trying parallel mapping...  
          cluster_0  cluster_1  cluster_2  cluster_3  cluster_4  cluster_5  cluster_6  cluster_7  prepost 
 worker0  V          V          *          *          V          V          *          *          V       
 worker1                                                                                                  
 worker2  *          *          *          *          *          *          *          *          V       
 worker3  *          V          *          *          *          V          *          *          V       

  00:05
[info] Context:6/13 Iteration 4: Trying parallel mapping...  
          cluster_0  cluster_1  cluster_2  cluster_3  cluster_4  cluster_5  cluster_6  cluster_7  prepost 
 worker0  V          V          *          *          V          V          *          *          V       
 worker1                                                                                                  
 worker2  *          *          *          *          *          *          *          *          V       
 worker3  *          V          *          *          *          V          *          *          V       

  00:05
[info] Context:6/13 Iteration 4: Trying parallel mapping...  
          cluster_0  cluster_1  cluster_2  cluster_3  cluster_4  cluster_5  cluster_6  cluster_7  prepost 
 worker0  V          V          *          *          V          V          *          *          V       
 worker1                                                                                                  
 worker2  V          V          *          *          V          *          *          *          V       
 worker3  *          V          *          *          *          V          *          *          V       

  00:05
[info] Context:6/13 Iteration 4: Trying parallel mapping...  
          cluster_0  cluster_1  cluster_2  cluster_3  cluster_4  cluster_5  cluster_6  cluster_7  prepost 
 worker0  V          V          *          *          V          V          *          *          V       
 worker1                                                                                                  
 worker2  V          V          *          *          V          *          *          *          V       
 worker3  *          V          *          *          *          V          *          *          V       

  00:05
[info] Context:6/13 Iteration 4: Trying parallel mapping...  
          cluster_0  cluster_1  cluster_2  cluster_3  cluster_4  cluster_5  cluster_6  cluster_7  prepost 
 worker0  V          V          *          *          V          V          *          *          V       
 worker1                                                                                                  
 worker2  V          V          *          *          V          *          *          *          V       
 worker3  *          V          *          *          *          V          *          *          V       

  00:05
[info] Context:6/13 Iteration 4: Trying parallel mapping...  
          cluster_0  cluster_1  cluster_2  cluster_3  cluster_4  cluster_5  cluster_6  cluster_7  prepost 
 worker0  V          V          *          *          V          V          *          *          V       
 worker1                                                                                                  
 worker2  V          V          *          *          V          *          *          *          V       
 worker3  *          V          *          *          *          V          *          *          V       

  00:05
[info] Context:6/13 Iteration 4: Trying parallel mapping...  
          cluster_0  cluster_1  cluster_2  cluster_3  cluster_4  cluster_5  cluster_6  cluster_7  prepost 
 worker0  V          V          *          *          V          V          *          *          V       
 worker1                                                                                                  
 worker2  V          V          *          *          V          *          *          *          V       
 worker3  *          V          *          *          *          V          *          *          V       

  00:05
[info] Context:6/13 Iteration 4: Trying parallel mapping...  
          cluster_0  cluster_1  cluster_2  cluster_3  cluster_4  cluster_5  cluster_6  cluster_7  prepost 
 worker0  V          V          *          *          V          V          *          *          V       
 worker1                                                                                                  
 worker2  V          V          *          *          V          *          *          *          V       
 worker3  *          V          *          *          *          V          *          *          V       

  00:05
[info] Context:6/13 Iteration 4: Trying parallel mapping...  
          cluster_0  cluster_1  cluster_2  cluster_3  cluster_4  cluster_5  cluster_6  cluster_7  prepost 
 worker0  V          V          *          *          V          V          *          *          V       
 worker1                                                                                                  
 worker2  V          V          *          *          V          *          *          *          V       
 worker3  *          V          *          *          *          V          *          *          V       

  00:05
[info] Context:6/13 Iteration 4: Trying parallel mapping...  
          cluster_0  cluster_1  cluster_2  cluster_3  cluster_4  cluster_5  cluster_6  cluster_7  prepost 
 worker0  V          V          *          *          V          V          *          *          V       
 worker1                                                                                                  
 worker2  V          V          *          *          V          *          *          *          V       
 worker3  *          V          *          *          *          V          *          *          V       

  00:05
[info] Context:6/13 Iteration 4: Trying parallel mapping...  
          cluster_0  cluster_1  cluster_2  cluster_3  cluster_4  cluster_5  cluster_6  cluster_7  prepost 
 worker0  V          V          *          *          V          V          *          *          V       
 worker1                                                                                                  
 worker2  V          V          *          *          V          *          *          *          V       
 worker3  *          V          *          *          *          V          *          *          V       

  00:05
[info] Context:6/13 Iteration 4: Trying parallel mapping...  
          cluster_0  cluster_1  cluster_2  cluster_3  cluster_4  cluster_5  cluster_6  cluster_7  prepost 
 worker0  V          V          *          *          V          V          *          *          V       
 worker1                                                                                                  
 worker2  V          V          *          *          V          *          *          *          V       
 worker3  *          V          *          *          *          V          *          *          V       

  00:05
[info] Context:6/13 Iteration 4: Trying parallel mapping...  
          cluster_0  cluster_1  cluster_2  cluster_3  cluster_4  cluster_5  cluster_6  cluster_7  prepost 
 worker0  V          V          *          *          V          V          *          *          V       
 worker1                                                                                                  
 worker2  V          V          *          *          V          *          *          *          V       
 worker3  *          V          *          *          *          V          *          *          V       

  00:05
[info] Context:6/13 Iteration 4: Trying parallel mapping...  
          cluster_0  cluster_1  cluster_2  cluster_3  cluster_4  cluster_5  cluster_6  cluster_7  prepost 
 worker0  V          V          *          *          V          V          *          *          V       
 worker1                                                                                                  
 worker2  V          V          *          *          V          *          *          *          V       
 worker3  *          V          *          *          *          V          *          *          V       

  00:05
[info] Context:6/13 Iteration 4: Trying parallel mapping...  
          cluster_0  cluster_1  cluster_2  cluster_3  cluster_4  cluster_5  cluster_6  cluster_7  prepost 
 worker0  V          V          *          *          V          V          *          *          V       
 worker1                                                                                                  
 worker2  V          V          *          *          V          *          *          *          V       
 worker3  *          V          *          *          *          V          *          *          V       

  00:05
[info] Context:6/13 Iteration 4: Trying parallel mapping...  
          cluster_0  cluster_1  cluster_2  cluster_3  cluster_4  cluster_5  cluster_6  cluster_7  prepost 
 worker0  V          V          *          *          V          V          *          *          V       
 worker1                                                                                                  
 worker2  V          V          *          *          V          *          *          *          V       
 worker3  *          V          *          *          *          V          *          *          V       

  00:05


[info] Context:7/13 Iteration 0: Trying parallel splits...   
          cluster_0  cluster_1  cluster_2  cluster_3  cluster_4  cluster_5  cluster_6  cluster_7  prepost 
 worker0                                                                                                  
 worker1                                                                                                  
 worker2                                                                                                  
 worker3                                                                                                  

  00:05
[info] Context:7/13 Iteration 0: Trying parallel splits...   
          cluster_0  cluster_1  cluster_2  cluster_3  cluster_4  cluster_5  cluster_6  cluster_7  prepost 
 worker0                                                                                                  
 worker1  *          *          *          *          *          *          *          *          V       
 worker2                                                                                                  
 worker3                                                                                                  

  00:05
[info] Context:7/13 Iteration 4: Trying parallel mapping...  
          cluster_0  cluster_1  cluster_2  cluster_3  cluster_4  cluster_5  cluster_6  cluster_7  prepost 
 worker0  *          *          *          *          *          *          *          *          V       
 worker1  *          *          *          *          *          *          *          *          V       
 worker2                                                                                                  
 worker3                                                                                                  

  00:05
[info] Context:7/13 Iteration 4: Trying parallel mapping...  
          cluster_0  cluster_1  cluster_2  cluster_3  cluster_4  cluster_5  cluster_6  cluster_7  prepost 
 worker0  *          *          *          *          *          *          *          *          V       
 worker1  *          *          *          *          *          *          *          *          V       
 worker2                                                                                                  
 worker3                                                                                                  

  00:05
[info] Context:7/13 Iteration 4: Trying parallel mapping...  
          cluster_0  cluster_1  cluster_2  cluster_3  cluster_4  cluster_5  cluster_6  cluster_7  prepost 
 worker0  *          *          *          *          *          *          *          *          V       
 worker1  *          *          *          *          *          *          *          *          V       
 worker2                                                                                                  
 worker3                                                                                                  

  00:05
[info] Context:7/13 Iteration 4: Trying parallel mapping...  
          cluster_0  cluster_1  cluster_2  cluster_3  cluster_4  cluster_5  cluster_6  cluster_7  prepost 
 worker0  *          *          *          *          *          *          *          *          V       
 worker1  *          *          *          *          *          *          *          *          V       
 worker2                                                                                                  
 worker3  V          V          *          *          V          *          *          *          V       

  00:05
[info] Context:7/13 Iteration 4: Trying parallel mapping...  
          cluster_0  cluster_1  cluster_2  cluster_3  cluster_4  cluster_5  cluster_6  cluster_7  prepost 
 worker0  *          *          *          *          *          *          *          *          V       
 worker1  *          *          *          *          *          *          *          *          V       
 worker2  V          V          *          *          *          V          *          *          V       
 worker3  V          V          *          *          V          *          *          *          V       

  00:05
[info] Context:7/13 Iteration 4: Trying parallel mapping...  
          cluster_0  cluster_1  cluster_2  cluster_3  cluster_4  cluster_5  cluster_6  cluster_7  prepost 
 worker0  V          V          *          *          V          *          *          *          V       
 worker1  *          *          *          *          *          *          *          *          V       
 worker2  V          V          *          *          *          V          *          *          V       
 worker3  V          V          *          *          V          *          *          *          V       

  00:05
[info] Context:7/13 Iteration 4: Trying parallel mapping...  
          cluster_0  cluster_1  cluster_2  cluster_3  cluster_4  cluster_5  cluster_6  cluster_7  prepost 
 worker0  V          V          *          *          V          *          *          *          V       
 worker1  V          V          *          *          V          *          *          *          V       
 worker2  V          V          *          *          *          V          *          *          V       
 worker3  V          V          *          *          V          *          *          *          V       

  00:05
[info] Context:7/13 Iteration 4: Trying parallel mapping...  
          cluster_0  cluster_1  cluster_2  cluster_3  cluster_4  cluster_5  cluster_6  cluster_7  prepost 
 worker0  V          V          *          *          V          *          *          *          V       
 worker1  V          V          *          *          V          *          *          *          V       
 worker2  V          V          *          *          *          V          *          *          V       
 worker3  V          V          *          *          V          *          *          *          V       

  00:05
[info] Context:7/13 Iteration 4: Trying parallel mapping...  
          cluster_0  cluster_1  cluster_2  cluster_3  cluster_4  cluster_5  cluster_6  cluster_7  prepost 
 worker0  V          V          *          *          V          *          *          *          V       
 worker1  V          V          *          *          V          *          *          *          V       
 worker2  V          V          *          *          *          V          *          *          V       
 worker3  V          V          *          *          V          *          *          *          V       

  00:05
[info] Context:7/13 Iteration 4: Trying parallel mapping...  
          cluster_0  cluster_1  cluster_2  cluster_3  cluster_4  cluster_5  cluster_6  cluster_7  prepost 
 worker0  V          V          *          *          V          *          *          *          V       
 worker1  V          V          *          *          V          *          *          *          V       
 worker2  V          V          *          *          *          V          *          *          V       
 worker3  V          V          *          *          V          *          *          *          V       

  00:05
[info] Context:7/13 Iteration 4: Trying parallel mapping...  
          cluster_0  cluster_1  cluster_2  cluster_3  cluster_4  cluster_5  cluster_6  cluster_7  prepost 
 worker0  V          V          *          *          V          *          *          *          V       
 worker1  V          V          *          *          V          *          *          *          V       
 worker2  V          V          *          *          *          V          *          *          V       
 worker3  V          V          *          *          V          *          *          *          V       

  00:05
[info] Context:7/13 Iteration 4: Trying parallel mapping...  
          cluster_0  cluster_1  cluster_2  cluster_3  cluster_4  cluster_5  cluster_6  cluster_7  prepost 
 worker0  V          V          *          *          V          *          *          *          V       
 worker1  V          V          *          *          V          *          *          *          V       
 worker2  V          V          *          *          *          V          *          *          V       
 worker3  V          V          *          *          V          *          *          *          V       

  00:05
[info] Context:7/13 Iteration 4: Trying parallel mapping...  
          cluster_0  cluster_1  cluster_2  cluster_3  cluster_4  cluster_5  cluster_6  cluster_7  prepost 
 worker0  V          V          *          *          V          *          *          *          V       
 worker1  V          V          *          *          V          *          *          *          V       
 worker2  V          V          *          *          *          V          *          *          V       
 worker3  V          V          *          *          V          *          *          *          V       

  00:05
[info] Context:7/13 Iteration 4: Trying parallel mapping...  
          cluster_0  cluster_1  cluster_2  cluster_3  cluster_4  cluster_5  cluster_6  cluster_7  prepost 
 worker0  V          V          *          *          V          *          *          *          V       
 worker1  V          V          *          *          V          *          *          *          V       
 worker2  V          V          *          *          *          V          *          *          V       
 worker3  V          V          *          *          V          *          *          *          V       

  00:05
[info] Context:7/13 Iteration 4: Trying parallel mapping...  
          cluster_0  cluster_1  cluster_2  cluster_3  cluster_4  cluster_5  cluster_6  cluster_7  prepost 
 worker0  V          V          *          *          V          *          *          *          V       
 worker1  V          V          *          *          V          *          *          *          V       
 worker2  V          V          *          *          *          V          *          *          V       
 worker3  V          V          *          *          V          *          *          *          V       

  00:05
[info] Context:7/13 Iteration 4: Trying parallel mapping...  
          cluster_0  cluster_1  cluster_2  cluster_3  cluster_4  cluster_5  cluster_6  cluster_7  prepost 
 worker0  V          V          *          *          V          *          *          *          V       
 worker1  V          V          *          *          V          *          *          *          V       
 worker2  V          V          *          *          *          V          *          *          V       
 worker3  V          V          *          *          V          *          *          *          V       

  00:05
[info] Context:7/13 Iteration 4: Trying parallel mapping...  
          cluster_0  cluster_1  cluster_2  cluster_3  cluster_4  cluster_5  cluster_6  cluster_7  prepost 
 worker0  V          V          *          *          V          *          *          *          V       
 worker1  V          V          *          *          V          *          *          *          V       
 worker2  V          V          *          *          *          V          *          *          V       
 worker3  V          V          *          *          V          *          *          *          V       

  00:05
[info] Context:7/13 Iteration 4: Trying parallel mapping...  
          cluster_0  cluster_1  cluster_2  cluster_3  cluster_4  cluster_5  cluster_6  cluster_7  prepost 
 worker0  V          V          *          *          V          *          *          *          V       
 worker1  V          V          *          *          V          *          *          *          V       
 worker2  V          V          *          *          *          V          *          *          V       
 worker3  V          V          *          *          V          *          *          *          V       

  00:05
[info] Context:7/13 Iteration 4: Trying parallel mapping...  
          cluster_0  cluster_1  cluster_2  cluster_3  cluster_4  cluster_5  cluster_6  cluster_7  prepost 
 worker0  V          V          *          *          V          *          *          *          V       
 worker1  V          V          *          *          V          *          *          *          V       
 worker2  V          V          *          *          *          V          *          *          V       
 worker3  V          V          *          *          V          *          *          *          V       

  00:05
[info] Context:7/13 Iteration 4: Trying parallel mapping...  
          cluster_0  cluster_1  cluster_2  cluster_3  cluster_4  cluster_5  cluster_6  cluster_7  prepost 
 worker0  V          V          *          *          V          *          *          *          V       
 worker1  V          V          *          *          V          *          *          *          V       
 worker2  V          V          *          *          *          V          *          *          V       
 worker3  V          V          *          *          V          *          *          *          V       

  00:05
[info] Context:7/13 Iteration 4: Trying parallel mapping...  
          cluster_0  cluster_1  cluster_2  cluster_3  cluster_4  cluster_5  cluster_6  cluster_7  prepost 
 worker0  V          V          *          *          V          *          *          *          V       
 worker1  V          V          *          *          V          *          *          *          V       
 worker2  V          V          *          *          *          V          *          *          V       
 worker3  V          V          *          *          V          *          *          *          V       

  00:05


[info] Context:8/13 Iteration 0: Trying parallel splits...   
          cluster_0  cluster_1  cluster_2  cluster_3  cluster_4  cluster_5  cluster_6  cluster_7  prepost 
 worker0                                                                                                  
 worker1                                                                                                  
 worker2                                                                                                  
 worker3                                                                                                  

  00:06
[info] Context:8/13 Iteration 0: Trying parallel splits...   
          cluster_0  cluster_1  cluster_2  cluster_3  cluster_4  cluster_5  cluster_6  cluster_7  prepost 
 worker0                                                                                                  
 worker1  *          *          *          *          *          *          *          *          V       
 worker2                                                                                                  
 worker3                                                                                                  

  00:06
[info] Context:8/13 Iteration 0: Trying parallel splits...   
          cluster_0  cluster_1  cluster_2  cluster_3  cluster_4  cluster_5  cluster_6  cluster_7  prepost 
 worker0                                                                                                  
 worker1  *          *          *          *          *          *          *          *          V       
 worker2  *          *          *          *          *          *          *          *          V       
 worker3                                                                                                  

  00:06
[info] Context:8/13 Iteration 0: Trying parallel splits...   
          cluster_0  cluster_1  cluster_2  cluster_3  cluster_4  cluster_5  cluster_6  cluster_7  prepost 
 worker0                                                                                                  
 worker1  *          *          *          *          *          *          *          *          V       
 worker2  *          *          *          *          *          *          *          *          V       
 worker3  *          *          *          *          *          *          *          *          V       

  00:06
[info] Context:8/13 Iteration 0: Trying parallel splits...   
          cluster_0  cluster_1  cluster_2  cluster_3  cluster_4  cluster_5  cluster_6  cluster_7  prepost 
 worker0                                                                                                  
 worker1  *          *          *          *          *          *          *          *          V       
 worker2  *          *          *          *          *          *          *          *          V       
 worker3  *          *          *          *          *          *          *          *          V       

  00:06
[info] Context:8/13 Iteration 0: Trying parallel splits...   
          cluster_0  cluster_1  cluster_2  cluster_3  cluster_4  cluster_5  cluster_6  cluster_7  prepost 
 worker0                                                                                                  
 worker1  *          *          *          *          *          *          *          *          V       
 worker2  *          *          *          *          *          V          *          *          V       
 worker3  *          *          *          *          *          *          *          *          V       

  00:06
[info] Context:8/13 Iteration 4: Trying parallel mapping...  
          cluster_0  cluster_1  cluster_2  cluster_3  cluster_4  cluster_5  cluster_6  cluster_7  prepost 
 worker0  *          V          *          *          V          *          *          *          V       
 worker1  *          *          *          *          *          *          *          *          V       
 worker2  *          *          *          *          *          V          *          *          V       
 worker3  *          *          *          *          *          *          *          *          V       

  00:06
[info] Context:8/13 Iteration 4: Trying parallel mapping...  
          cluster_0  cluster_1  cluster_2  cluster_3  cluster_4  cluster_5  cluster_6  cluster_7  prepost 
 worker0  *          V          *          *          V          *          *          *          V       
 worker1  *          *          *          *          *          *          *          *          V       
 worker2  *          *          *          *          *          V          *          *          V       
 worker3  *          V          *          *          *          *          *          *          V       

  00:06
[info] Context:8/13 Iteration 4: Trying parallel mapping...  
          cluster_0  cluster_1  cluster_2  cluster_3  cluster_4  cluster_5  cluster_6  cluster_7  prepost 
 worker0  *          V          *          *          V          *          *          *          V       
 worker1  *          *          *          *          *          *          *          *          V       
 worker2  *          *          *          *          *          V          *          *          V       
 worker3  V          V          *          *          V          V          *          *          V       

  00:06
[info] Context:8/13 Iteration 4: Trying parallel mapping...  
          cluster_0  cluster_1  cluster_2  cluster_3  cluster_4  cluster_5  cluster_6  cluster_7  prepost 
 worker0  *          V          *          *          V          *          *          *          V       
 worker1  *          *          *          *          *          *          *          *          V       
 worker2  *          *          *          *          *          V          *          *          V       
 worker3  V          V          *          *          V          V          *          *          V       

  00:06
[info] Context:8/13 Iteration 4: Trying parallel mapping...  
          cluster_0  cluster_1  cluster_2  cluster_3  cluster_4  cluster_5  cluster_6  cluster_7  prepost 
 worker0  *          V          *          *          V          *          *          *          V       
 worker1  *          *          *          *          *          *          *          *          V       
 worker2  *          *          *          *          *          V          *          *          V       
 worker3  V          V          *          *          V          V          *          *          V       

  00:06
[info] Context:8/13 Iteration 4: Trying parallel mapping...  
          cluster_0  cluster_1  cluster_2  cluster_3  cluster_4  cluster_5  cluster_6  cluster_7  prepost 
 worker0  *          V          *          *          V          *          *          *          V       
 worker1  *          *          *          *          *          *          *          *          V       
 worker2  *          *          *          *          *          V          *          *          V       
 worker3  V          V          *          *          V          V          *          *          V       

  00:06
[info] Context:8/13 Iteration 4: Trying parallel mapping...  
          cluster_0  cluster_1  cluster_2  cluster_3  cluster_4  cluster_5  cluster_6  cluster_7  prepost 
 worker0  *          V          *          *          V          *          *          *          V       
 worker1  *          *          *          *          *          *          *          *          V       
 worker2  *          *          *          *          *          V          *          *          V       
 worker3  V          V          *          *          V          V          *          *          V       

  00:06
[info] Context:8/13 Iteration 4: Trying parallel mapping...  
          cluster_0  cluster_1  cluster_2  cluster_3  cluster_4  cluster_5  cluster_6  cluster_7  prepost 
 worker0  *          V          *          *          V          *          *          *          V       
 worker1  *          *          *          *          *          *          *          *          V       
 worker2  *          *          *          *          *          V          *          *          V       
 worker3  V          V          *          *          V          V          *          *          V       

  00:06
[info] Context:8/13 Iteration 4: Trying parallel mapping...  
          cluster_0  cluster_1  cluster_2  cluster_3  cluster_4  cluster_5  cluster_6  cluster_7  prepost 
 worker0  *          V          *          *          V          *          *          *          V       
 worker1  *          *          *          *          *          *          *          *          V       
 worker2  *          *          *          *          *          V          *          *          V       
 worker3  V          V          *          *          V          V          *          *          V       

  00:06
[info] Context:8/13 Iteration 4: Trying parallel mapping...  
          cluster_0  cluster_1  cluster_2  cluster_3  cluster_4  cluster_5  cluster_6  cluster_7  prepost 
 worker0  *          V          *          *          V          *          *          *          V       
 worker1  *          *          *          *          *          *          *          *          V       
 worker2  *          *          *          *          *          V          *          *          V       
 worker3  V          V          *          *          V          V          *          *          V       

  00:06
[info] Context:8/13 Iteration 4: Trying parallel mapping...  
          cluster_0  cluster_1  cluster_2  cluster_3  cluster_4  cluster_5  cluster_6  cluster_7  prepost 
 worker0  *          V          *          *          V          *          *          *          V       
 worker1  *          *          *          *          *          *          *          *          V       
 worker2  *          *          *          *          *          V          *          *          V       
 worker3  V          V          *          *          V          V          *          *          V       

  00:06
[info] Context:8/13 Iteration 4: Trying parallel mapping...  
          cluster_0  cluster_1  cluster_2  cluster_3  cluster_4  cluster_5  cluster_6  cluster_7  prepost 
 worker0  *          V          *          *          V          *          *          *          V       
 worker1  *          *          *          *          *          *          *          *          V       
 worker2  *          *          *          *          *          V          *          *          V       
 worker3  V          V          *          *          V          V          *          *          V       

  00:06
[info] Context:8/13 Iteration 4: Trying parallel mapping...  
          cluster_0  cluster_1  cluster_2  cluster_3  cluster_4  cluster_5  cluster_6  cluster_7  prepost 
 worker0  *          V          *          *          V          *          *          *          V       
 worker1  *          *          *          *          *          *          *          *          V       
 worker2  *          *          *          *          *          V          *          *          V       
 worker3  V          V          *          *          V          V          *          *          V       

  00:06
[info] Context:8/13 Iteration 4: Trying parallel mapping...  
          cluster_0  cluster_1  cluster_2  cluster_3  cluster_4  cluster_5  cluster_6  cluster_7  prepost 
 worker0  *          V          *          *          V          *          *          *          V       
 worker1  *          *          *          *          *          *          *          *          V       
 worker2  *          *          *          *          *          V          *          *          V       
 worker3  V          V          *          *          V          V          *          *          V       

  00:06
[info] Context:8/13 Iteration 4: Trying parallel mapping...  
          cluster_0  cluster_1  cluster_2  cluster_3  cluster_4  cluster_5  cluster_6  cluster_7  prepost 
 worker0  *          V          *          *          V          *          *          *          V       
 worker1  *          *          *          *          *          *          *          *          V       
 worker2  *          *          *          *          *          V          *          *          V       
 worker3  V          V          *          *          V          V          *          *          V       

  00:06
[info] Context:8/13 Iteration 4: Trying parallel mapping...  
          cluster_0  cluster_1  cluster_2  cluster_3  cluster_4  cluster_5  cluster_6  cluster_7  prepost 
 worker0  *          V          *          *          V          *          *          *          V       
 worker1  *          *          *          *          *          *          *          *          V       
 worker2  *          *          *          *          *          V          *          *          V       
 worker3  V          V          *          *          V          V          *          *          V       

  00:06
[info] Context:8/13 Iteration 4: Trying parallel mapping...  
          cluster_0  cluster_1  cluster_2  cluster_3  cluster_4  cluster_5  cluster_6  cluster_7  prepost 
 worker0  *          V          *          *          V          *          *          *          V       
 worker1  *          *          *          *          *          *          *          *          V       
 worker2  *          *          *          *          *          V          *          *          V       
 worker3  V          V          *          *          V          V          *          *          V       

  00:06
[info] Context:8/13 Iteration 4: Trying parallel mapping...  
          cluster_0  cluster_1  cluster_2  cluster_3  cluster_4  cluster_5  cluster_6  cluster_7  prepost 
 worker0  *          V          *          *          V          *          *          *          V       
 worker1  *          *          *          *          *          *          *          *          V       
 worker2  *          *          *          *          *          V          *          *          V       
 worker3  V          V          *          *          V          V          *          *          V       

  00:06
[info] Context:8/13 Iteration 4: Trying parallel mapping...  
          cluster_0  cluster_1  cluster_2  cluster_3  cluster_4  cluster_5  cluster_6  cluster_7  prepost 
 worker0  *          V          *          *          V          *          *          *          V       
 worker1  *          *          *          *          *          *          *          *          V       
 worker2  *          *          *          *          *          V          *          *          V       
 worker3  V          V          *          *          V          V          *          *          V       

  00:06


[info] Context:9/13 Iteration 0: Trying parallel splits...   
          cluster_0  cluster_1  cluster_2  cluster_3  cluster_4  cluster_5  cluster_6  cluster_7  prepost 
 worker0                                                                                                  
 worker1                                                                                                  
 worker2                                                                                                  
 worker3                                                                                                  

  00:06
[info] Context:9/13 Iteration 0: Trying parallel splits...   
          cluster_0  cluster_1  cluster_2  cluster_3  cluster_4  cluster_5  cluster_6  cluster_7  prepost 
 worker0                                                                                                  
 worker1  *          *          *          *          *          *          *          *          V       
 worker2                                                                                                  
 worker3                                                                                                  

  00:06
[info] Context:9/13 Iteration 0: Trying parallel splits...   
          cluster_0  cluster_1  cluster_2  cluster_3  cluster_4  cluster_5  cluster_6  cluster_7  prepost 
 worker0                                                                                                  
 worker1  *          *          *          *          *          *          *          *          V       
 worker2                                                                                                  
 worker3  *          *          *          *          *          *          *          *          V       

  00:06
[info] Context:9/13 Iteration 0: Trying parallel splits...   
          cluster_0  cluster_1  cluster_2  cluster_3  cluster_4  cluster_5  cluster_6  cluster_7  prepost 
 worker0                                                                                                  
 worker1  *          *          *          *          *          *          *          *          V       
 worker2                                                                                                  
 worker3  *          *          *          *          *          *          *          *          V       

  00:06
[info] Context:9/13 Iteration 0: Trying parallel splits...   
          cluster_0  cluster_1  cluster_2  cluster_3  cluster_4  cluster_5  cluster_6  cluster_7  prepost 
 worker0                                                                                                  
 worker1  *          *          *          *          *          *          *          *          V       
 worker2                                                                                                  
 worker3  *          *          *          *          *          *          *          *          V       

  00:06
[info] Context:9/13 Iteration 0: Trying parallel splits...   
          cluster_0  cluster_1  cluster_2  cluster_3  cluster_4  cluster_5  cluster_6  cluster_7  prepost 
 worker0                                                                                                  
 worker1  *          *          *          *          *          *          *          *          V       
 worker2  *          *          *          *          *          V          *          *          V       
 worker3  *          *          *          *          *          *          *          *          V       

  00:06
[info] Context:9/13 Iteration 4: Trying parallel mapping...  
          cluster_0  cluster_1  cluster_2  cluster_3  cluster_4  cluster_5  cluster_6  cluster_7  prepost 
 worker0  V          V          *          *          *          V          *          *          V       
 worker1  *          *          *          *          *          *          *          *          V       
 worker2  *          *          *          *          *          V          *          *          V       
 worker3  *          *          *          *          *          *          *          *          V       

  00:07
[info] Context:9/13 Iteration 4: Trying parallel mapping...  
          cluster_0  cluster_1  cluster_2  cluster_3  cluster_4  cluster_5  cluster_6  cluster_7  prepost 
 worker0  V          V          *          *          V          V          *          *          V       
 worker1  *          *          *          *          *          *          *          *          V       
 worker2  *          *          *          *          *          V          *          *          V       
 worker3  *          *          *          *          *          *          *          *          V       

  00:07
[info] Context:9/13 Iteration 4: Trying parallel mapping...  
          cluster_0  cluster_1  cluster_2  cluster_3  cluster_4  cluster_5  cluster_6  cluster_7  prepost 
 worker0  V          V          *          *          V          V          *          *          V       
 worker1  *          *          *          *          *          *          *          *          V       
 worker2  *          *          *          *          *          V          *          *          V       
 worker3  *          *          *          *          *          *          *          *          V       

  00:07
[info] Context:9/13 Iteration 4: Trying parallel mapping...  
          cluster_0  cluster_1  cluster_2  cluster_3  cluster_4  cluster_5  cluster_6  cluster_7  prepost 
 worker0  V          V          *          *          V          V          *          *          V       
 worker1  *          *          *          *          *          *          *          *          V       
 worker2  *          *          *          *          *          V          *          *          V       
 worker3  *          *          *          *          *          *          *          *          V       

  00:07
[info] Context:9/13 Iteration 4: Trying parallel mapping...  
          cluster_0  cluster_1  cluster_2  cluster_3  cluster_4  cluster_5  cluster_6  cluster_7  prepost 
 worker0  V          V          *          *          V          V          *          *          V       
 worker1  *          *          *          *          *          *          *          *          V       
 worker2  *          *          *          *          *          V          *          *          V       
 worker3  *          *          *          *          *          *          *          *          V       

  00:07
[info] Context:9/13 Iteration 4: Trying parallel mapping...  
          cluster_0  cluster_1  cluster_2  cluster_3  cluster_4  cluster_5  cluster_6  cluster_7  prepost 
 worker0  V          V          *          *          V          V          *          *          V       
 worker1  *          *          *          *          *          *          *          *          V       
 worker2  *          *          *          *          *          V          *          *          V       
 worker3  *          *          *          *          *          *          *          *          V       

  00:07
[info] Context:9/13 Iteration 4: Trying parallel mapping...  
          cluster_0  cluster_1  cluster_2  cluster_3  cluster_4  cluster_5  cluster_6  cluster_7  prepost 
 worker0  V          V          *          *          V          V          *          *          V       
 worker1  *          *          *          *          *          *          *          *          V       
 worker2  *          *          *          *          *          V          *          *          V       
 worker3  *          *          *          *          *          *          *          *          V       

  00:07
[info] Context:9/13 Iteration 4: Trying parallel mapping...  
          cluster_0  cluster_1  cluster_2  cluster_3  cluster_4  cluster_5  cluster_6  cluster_7  prepost 
 worker0  V          V          *          *          V          V          *          *          V       
 worker1  *          *          *          *          *          *          *          *          V       
 worker2  *          *          *          *          *          V          *          *          V       
 worker3  *          *          *          *          *          *          *          *          V       

  00:07
[info] Context:9/13 Iteration 4: Trying parallel mapping...  
          cluster_0  cluster_1  cluster_2  cluster_3  cluster_4  cluster_5  cluster_6  cluster_7  prepost 
 worker0  V          V          *          *          V          V          *          *          V       
 worker1  *          *          *          *          *          *          *          *          V       
 worker2  *          *          *          *          *          V          *          *          V       
 worker3  *          *          *          *          *          *          *          *          V       

  00:07
[info] Context:9/13 Iteration 4: Trying parallel mapping...  
          cluster_0  cluster_1  cluster_2  cluster_3  cluster_4  cluster_5  cluster_6  cluster_7  prepost 
 worker0  V          V          *          *          V          V          *          *          V       
 worker1  *          *          *          *          *          *          *          *          V       
 worker2  *          *          *          *          *          V          *          *          V       
 worker3  *          *          *          *          *          *          *          *          V       

  00:07
[info] Context:9/13 Iteration 4: Trying parallel mapping...  
          cluster_0  cluster_1  cluster_2  cluster_3  cluster_4  cluster_5  cluster_6  cluster_7  prepost 
 worker0  V          V          *          *          V          V          *          *          V       
 worker1  *          *          *          *          *          *          *          *          V       
 worker2  *          *          *          *          *          V          *          *          V       
 worker3  *          *          *          *          *          *          *          *          V       

  00:07
[info] Context:9/13 Iteration 4: Trying parallel mapping...  
          cluster_0  cluster_1  cluster_2  cluster_3  cluster_4  cluster_5  cluster_6  cluster_7  prepost 
 worker0  V          V          *          *          V          V          *          *          V       
 worker1  *          *          *          *          *          *          *          *          V       
 worker2  *          *          *          *          *          V          *          *          V       
 worker3  *          *          *          *          *          *          *          *          V       

  00:07
[info] Context:9/13 Iteration 4: Trying parallel mapping...  
          cluster_0  cluster_1  cluster_2  cluster_3  cluster_4  cluster_5  cluster_6  cluster_7  prepost 
 worker0  V          V          *          *          V          V          *          *          V       
 worker1  *          *          *          *          *          *          *          *          V       
 worker2  *          *          *          *          *          V          *          *          V       
 worker3  *          *          *          *          *          *          *          *          V       

  00:07
[info] Context:9/13 Iteration 4: Trying parallel mapping...  
          cluster_0  cluster_1  cluster_2  cluster_3  cluster_4  cluster_5  cluster_6  cluster_7  prepost 
 worker0  V          V          *          *          V          V          *          *          V       
 worker1  *          *          *          *          *          *          *          *          V       
 worker2  *          *          *          *          *          V          *          *          V       
 worker3  *          *          *          *          *          *          *          *          V       

  00:07
[info] Context:9/13 Iteration 4: Trying parallel mapping...  
          cluster_0  cluster_1  cluster_2  cluster_3  cluster_4  cluster_5  cluster_6  cluster_7  prepost 
 worker0  V          V          *          *          V          V          *          *          V       
 worker1  *          *          *          *          *          *          *          *          V       
 worker2  *          *          *          *          *          V          *          *          V       
 worker3  *          *          *          *          *          *          *          *          V       

  00:07
[info] Context:9/13 Iteration 4: Trying parallel mapping...  
          cluster_0  cluster_1  cluster_2  cluster_3  cluster_4  cluster_5  cluster_6  cluster_7  prepost 
 worker0  V          V          *          *          V          V          *          *          V       
 worker1  *          *          *          *          *          *          *          *          V       
 worker2  *          *          *          *          *          V          *          *          V       
 worker3  *          *          *          *          *          *          *          *          V       

  00:07
[info] Context:9/13 Iteration 4: Trying parallel mapping...  
          cluster_0  cluster_1  cluster_2  cluster_3  cluster_4  cluster_5  cluster_6  cluster_7  prepost 
 worker0  V          V          *          *          V          V          *          *          V       
 worker1  *          *          *          *          *          *          *          *          V       
 worker2  *          *          *          *          *          V          *          *          V       
 worker3  *          *          *          *          *          *          *          *          V       

  00:07
[info] Context:9/13 Iteration 4: Trying parallel mapping...  
          cluster_0  cluster_1  cluster_2  cluster_3  cluster_4  cluster_5  cluster_6  cluster_7  prepost 
 worker0  V          V          *          *          V          V          *          *          V       
 worker1  *          *          *          *          *          *          *          *          V       
 worker2  *          *          *          *          *          V          *          *          V       
 worker3  *          *          *          *          *          *          *          *          V       

  00:07


[info] Context:10/13 Iteration 0: Trying parallel splits...   
          cluster_0  cluster_1  cluster_2  cluster_3  cluster_4  cluster_5  cluster_6  cluster_7  prepost 
 worker0                                                                                                  
 worker1                                                                                                  
 worker2                                                                                                  
 worker3                                                                                                  

  00:07
[info] Context:10/13 Iteration 0: Trying parallel splits...   
          cluster_0  cluster_1  cluster_2  cluster_3  cluster_4  cluster_5  cluster_6  cluster_7  prepost 
 worker0                                                                                                  
 worker1                                                                                                  
 worker2  *          *          *          *          *          *          *          *          V       
 worker3                                                                                                  

  00:07
[info] Context:10/13 Iteration 4: Trying parallel mapping...  
          cluster_0  cluster_1  cluster_2  cluster_3  cluster_4  cluster_5  cluster_6  cluster_7  prepost 
 worker0  *          *          *          *          *          *          *          *          V       
 worker1                                                                                                  
 worker2  *          *          *          *          *          *          *          *          V       
 worker3                                                                                                  

  00:07
[info] Context:10/13 Iteration 4: Trying parallel mapping...  
          cluster_0  cluster_1  cluster_2  cluster_3  cluster_4  cluster_5  cluster_6  cluster_7  prepost 
 worker0  *          *          *          *          *          *          *          *          V       
 worker1                                                                                                  
 worker2  *          *          *          *          *          *          *          *          V       
 worker3                                                                                                  

  00:07
[info] Context:10/13 Iteration 4: Trying parallel mapping...  
          cluster_0  cluster_1  cluster_2  cluster_3  cluster_4  cluster_5  cluster_6  cluster_7  prepost 
 worker0  *          *          *          *          *          *          *          *          V       
 worker1  *          *          *          *          *          *          *          *          V       
 worker2  *          *          *          *          *          *          *          *          V       
 worker3                                                                                                  

  00:07
[info] Context:10/13 Iteration 4: Trying parallel mapping...  
          cluster_0  cluster_1  cluster_2  cluster_3  cluster_4  cluster_5  cluster_6  cluster_7  prepost 
 worker0  *          *          *          *          *          *          *          *          V       
 worker1  *          *          *          *          *          *          *          *          V       
 worker2  *          *          *          *          *          *          *          *          V       
 worker3  *          *          *          *          V          V          *          *          V       

  00:07
[info] Context:10/13 Iteration 4: Trying parallel mapping...  
          cluster_0  cluster_1  cluster_2  cluster_3  cluster_4  cluster_5  cluster_6  cluster_7  prepost 
 worker0  V          *          *          *          V          V          *          *          V       
 worker1  *          *          *          *          *          *          *          *          V       
 worker2  *          *          *          *          *          *          *          *          V       
 worker3  *          *          *          *          V          V          *          *          V       

  00:07
[info] Context:10/13 Iteration 4: Trying parallel mapping...  
          cluster_0  cluster_1  cluster_2  cluster_3  cluster_4  cluster_5  cluster_6  cluster_7  prepost 
 worker0  V          *          *          *          V          V          *          *          V       
 worker1  V          V          *          *          V          V          *          *          V       
 worker2  *          *          *          *          *          *          *          *          V       
 worker3  *          *          *          *          V          V          *          *          V       

  00:07
[info] Context:10/13 Iteration 4: Trying parallel mapping...  
          cluster_0  cluster_1  cluster_2  cluster_3  cluster_4  cluster_5  cluster_6  cluster_7  prepost 
 worker0  V          *          *          *          V          V          *          *          V       
 worker1  V          V          *          *          V          V          *          *          V       
 worker2  *          *          *          *          *          *          *          *          V       
 worker3  *          *          *          *          V          V          *          *          V       

  00:07
[info] Context:10/13 Iteration 4: Trying parallel mapping...  
          cluster_0  cluster_1  cluster_2  cluster_3  cluster_4  cluster_5  cluster_6  cluster_7  prepost 
 worker0  V          *          *          *          V          V          *          *          V       
 worker1  V          V          *          *          V          V          *          *          V       
 worker2  *          *          *          *          *          *          *          *          V       
 worker3  *          *          *          *          V          V          *          *          V       

  00:07
[info] Context:10/13 Iteration 4: Trying parallel mapping...  
          cluster_0  cluster_1  cluster_2  cluster_3  cluster_4  cluster_5  cluster_6  cluster_7  prepost 
 worker0  V          *          *          *          V          V          *          *          V       
 worker1  V          V          *          *          V          V          *          *          V       
 worker2  *          *          *          *          *          *          *          *          V       
 worker3  *          *          *          *          V          V          *          *          V       

  00:07
[info] Context:10/13 Iteration 4: Trying parallel mapping...  
          cluster_0  cluster_1  cluster_2  cluster_3  cluster_4  cluster_5  cluster_6  cluster_7  prepost 
 worker0  V          *          *          *          V          V          *          *          V       
 worker1  V          V          *          *          V          V          *          *          V       
 worker2  *          *          *          *          *          *          *          *          V       
 worker3  *          *          *          *          V          V          *          *          V       

  00:07
[info] Context:10/13 Iteration 4: Trying parallel mapping...  
          cluster_0  cluster_1  cluster_2  cluster_3  cluster_4  cluster_5  cluster_6  cluster_7  prepost 
 worker0  V          *          *          *          V          V          *          *          V       
 worker1  V          V          *          *          V          V          *          *          V       
 worker2  *          *          *          *          *          *          *          *          V       
 worker3  *          *          *          *          V          V          *          *          V       

  00:07
[info] Context:10/13 Iteration 4: Trying parallel mapping...  
          cluster_0  cluster_1  cluster_2  cluster_3  cluster_4  cluster_5  cluster_6  cluster_7  prepost 
 worker0  V          *          *          *          V          V          *          *          V       
 worker1  V          V          *          *          V          V          *          *          V       
 worker2  *          *          *          *          *          *          *          *          V       
 worker3  *          *          *          *          V          V          *          *          V       

  00:07
[info] Context:10/13 Iteration 4: Trying parallel mapping...  
          cluster_0  cluster_1  cluster_2  cluster_3  cluster_4  cluster_5  cluster_6  cluster_7  prepost 
 worker0  V          *          *          *          V          V          *          *          V       
 worker1  V          V          *          *          V          V          *          *          V       
 worker2  *          *          *          *          *          *          *          *          V       
 worker3  *          *          *          *          V          V          *          *          V       

  00:07
[info] Context:10/13 Iteration 4: Trying parallel mapping...  
          cluster_0  cluster_1  cluster_2  cluster_3  cluster_4  cluster_5  cluster_6  cluster_7  prepost 
 worker0  V          *          *          *          V          V          *          *          V       
 worker1  V          V          *          *          V          V          *          *          V       
 worker2  *          *          *          *          *          *          *          *          V       
 worker3  *          *          *          *          V          V          *          *          V       

  00:07
[info] Context:10/13 Iteration 4: Trying parallel mapping...  
          cluster_0  cluster_1  cluster_2  cluster_3  cluster_4  cluster_5  cluster_6  cluster_7  prepost 
 worker0  V          *          *          *          V          V          *          *          V       
 worker1  V          V          *          *          V          V          *          *          V       
 worker2  *          *          *          *          *          *          *          *          V       
 worker3  *          *          *          *          V          V          *          *          V       

  00:07
[info] Context:10/13 Iteration 4: Trying parallel mapping...  
          cluster_0  cluster_1  cluster_2  cluster_3  cluster_4  cluster_5  cluster_6  cluster_7  prepost 
 worker0  V          *          *          *          V          V          *          *          V       
 worker1  V          V          *          *          V          V          *          *          V       
 worker2  *          *          *          *          *          *          *          *          V       
 worker3  *          *          *          *          V          V          *          *          V       

  00:07
[info] Context:10/13 Iteration 4: Trying parallel mapping...  
          cluster_0  cluster_1  cluster_2  cluster_3  cluster_4  cluster_5  cluster_6  cluster_7  prepost 
 worker0  V          *          *          *          V          V          *          *          V       
 worker1  V          V          *          *          V          V          *          *          V       
 worker2  *          *          *          *          *          *          *          *          V       
 worker3  *          *          *          *          V          V          *          *          V       

  00:07
[info] Context:10/13 Iteration 4: Trying parallel mapping...  
          cluster_0  cluster_1  cluster_2  cluster_3  cluster_4  cluster_5  cluster_6  cluster_7  prepost 
 worker0  V          *          *          *          V          V          *          *          V       
 worker1  V          V          *          *          V          V          *          *          V       
 worker2  *          *          *          *          *          *          *          *          V       
 worker3  *          *          *          *          V          V          *          *          V       

  00:07
[info] Context:10/13 Iteration 4: Trying parallel mapping...  
          cluster_0  cluster_1  cluster_2  cluster_3  cluster_4  cluster_5  cluster_6  cluster_7  prepost 
 worker0  V          *          *          *          V          V          *          *          V       
 worker1  V          V          *          *          V          V          *          *          V       
 worker2  *          *          *          *          *          *          *          *          V       
 worker3  *          *          *          *          V          V          *          *          V       

  00:07
[info] Context:10/13 Iteration 4: Trying parallel mapping...  
          cluster_0  cluster_1  cluster_2  cluster_3  cluster_4  cluster_5  cluster_6  cluster_7  prepost 
 worker0  V          *          *          *          V          V          *          *          V       
 worker1  V          V          *          *          V          V          *          *          V       
 worker2  *          *          *          *          *          *          *          *          V       
 worker3  *          *          *          *          V          V          *          *          V       

  00:07
[info] Context:10/13 Iteration 4: Trying parallel mapping...  
          cluster_0  cluster_1  cluster_2  cluster_3  cluster_4  cluster_5  cluster_6  cluster_7  prepost 
 worker0  V          *          *          *          V          V          *          *          V       
 worker1  V          V          *          *          V          V          *          *          V       
 worker2  *          *          *          *          *          *          *          *          V       
 worker3  *          *          *          *          V          V          *          *          V       

  00:07
[info] Context:10/13 Iteration 4: Trying parallel mapping...  
          cluster_0  cluster_1  cluster_2  cluster_3  cluster_4  cluster_5  cluster_6  cluster_7  prepost 
 worker0  V          *          *          *          V          V          *          *          V       
 worker1  V          V          *          *          V          V          *          *          V       
 worker2  *          *          *          *          *          *          *          *          V       
 worker3  *          *          *          *          V          V          *          *          V       

  00:07


[info] Context:11/13 Iteration 0: Trying parallel splits...   
          cluster_0  cluster_1  cluster_2  cluster_3  cluster_4  cluster_5  cluster_6  cluster_7  prepost 
 worker0                                                                                                  
 worker1                                                                                                  
 worker2                                                                                                  
 worker3                                                                                                  

  00:08
[info] Context:11/13 Iteration 0: Trying parallel splits...   
          cluster_0  cluster_1  cluster_2  cluster_3  cluster_4  cluster_5  cluster_6  cluster_7  prepost 
 worker0                                                                                                  
 worker1                                                                                                  
 worker2  *          *          *          *          *          *          *          *          V       
 worker3                                                                                                  

  00:08
[info] Context:11/13 Iteration 0: Trying parallel splits...   
          cluster_0  cluster_1  cluster_2  cluster_3  cluster_4  cluster_5  cluster_6  cluster_7  prepost 
 worker0                                                                                                  
 worker1                                                                                                  
 worker2  *          *          *          *          *          *          *          *          V       
 worker3  *          *          *          *          *          *          *          *          V       

  00:08
[info] Context:11/13 Iteration 0: Trying parallel splits...   
          cluster_0  cluster_1  cluster_2  cluster_3  cluster_4  cluster_5  cluster_6  cluster_7  prepost 
 worker0                                                                                                  
 worker1                                                                                                  
 worker2  *          *          *          *          *          *          *          *          V       
 worker3  *          *          *          *          *          *          *          *          V       

  00:08
[info] Context:11/13 Iteration 0: Trying parallel splits...   
          cluster_0  cluster_1  cluster_2  cluster_3  cluster_4  cluster_5  cluster_6  cluster_7  prepost 
 worker0                                                                                                  
 worker1                                                                                                  
 worker2  *          V          *          *          *          *          *          *          V       
 worker3  *          *          *          *          *          *          *          *          V       

  00:08
[info] Context:11/13 Iteration 4: Trying parallel mapping...  
          cluster_0  cluster_1  cluster_2  cluster_3  cluster_4  cluster_5  cluster_6  cluster_7  prepost 
 worker0  *          *          *          *          V          *          *          *          V       
 worker1                                                                                                  
 worker2  *          V          *          *          *          *          *          *          V       
 worker3  *          *          *          *          *          *          *          *          V       

  00:08
[info] Context:11/13 Iteration 4: Trying parallel mapping...  
          cluster_0  cluster_1  cluster_2  cluster_3  cluster_4  cluster_5  cluster_6  cluster_7  prepost 
 worker0  *          *          *          *          V          *          *          *          V       
 worker1  *          V          *          *          V          V          *          *          V       
 worker2  *          V          *          *          *          *          *          *          V       
 worker3  *          *          *          *          *          *          *          *          V       

  00:08
[info] Context:11/13 Iteration 4: Trying parallel mapping...  
          cluster_0  cluster_1  cluster_2  cluster_3  cluster_4  cluster_5  cluster_6  cluster_7  prepost 
 worker0  *          *          *          *          V          *          *          *          V       
 worker1  V          V          *          *          V          V          *          *          V       
 worker2  *          V          *          *          *          *          *          *          V       
 worker3  *          *          *          *          *          *          *          *          V       

  00:08
[info] Context:11/13 Iteration 4: Trying parallel mapping...  
          cluster_0  cluster_1  cluster_2  cluster_3  cluster_4  cluster_5  cluster_6  cluster_7  prepost 
 worker0  *          *          *          *          V          *          *          *          V       
 worker1  V          V          *          *          V          V          *          *          V       
 worker2  *          V          *          *          *          *          *          *          V       
 worker3  *          *          *          *          *          *          *          *          V       

  00:08
[info] Context:11/13 Iteration 4: Trying parallel mapping...  
          cluster_0  cluster_1  cluster_2  cluster_3  cluster_4  cluster_5  cluster_6  cluster_7  prepost 
 worker0  V          V          *          *          V          V          *          *          V       
 worker1  V          V          *          *          V          V          *          *          V       
 worker2  *          V          *          *          *          *          *          *          V       
 worker3  *          *          *          *          *          *          *          *          V       

  00:08
[info] Context:11/13 Iteration 4: Trying parallel mapping...  
          cluster_0  cluster_1  cluster_2  cluster_3  cluster_4  cluster_5  cluster_6  cluster_7  prepost 
 worker0  V          V          *          *          V          V          *          *          V       
 worker1  V          V          *          *          V          V          *          *          V       
 worker2  *          V          *          *          *          *          *          *          V       
 worker3  *          *          *          *          *          *          *          *          V       

  00:08
[info] Context:11/13 Iteration 4: Trying parallel mapping...  
          cluster_0  cluster_1  cluster_2  cluster_3  cluster_4  cluster_5  cluster_6  cluster_7  prepost 
 worker0  V          V          *          *          V          V          *          *          V       
 worker1  V          V          *          *          V          V          *          *          V       
 worker2  *          V          *          *          *          *          *          *          V       
 worker3  *          *          *          *          *          *          *          *          V       

  00:08
[info] Context:11/13 Iteration 4: Trying parallel mapping...  
          cluster_0  cluster_1  cluster_2  cluster_3  cluster_4  cluster_5  cluster_6  cluster_7  prepost 
 worker0  V          V          *          *          V          V          *          *          V       
 worker1  V          V          *          *          V          V          *          *          V       
 worker2  *          V          *          *          *          *          *          *          V       
 worker3  *          *          *          *          *          *          *          *          V       

  00:08
[info] Context:11/13 Iteration 4: Trying parallel mapping...  
          cluster_0  cluster_1  cluster_2  cluster_3  cluster_4  cluster_5  cluster_6  cluster_7  prepost 
 worker0  V          V          *          *          V          V          *          *          V       
 worker1  V          V          *          *          V          V          *          *          V       
 worker2  *          V          *          *          *          *          *          *          V       
 worker3  *          *          *          *          *          *          *          *          V       

  00:08
[info] Context:11/13 Iteration 4: Trying parallel mapping...  
          cluster_0  cluster_1  cluster_2  cluster_3  cluster_4  cluster_5  cluster_6  cluster_7  prepost 
 worker0  V          V          *          *          V          V          *          *          V       
 worker1  V          V          *          *          V          V          *          *          V       
 worker2  *          V          *          *          *          *          *          *          V       
 worker3  *          *          *          *          *          *          *          *          V       

  00:08
[info] Context:11/13 Iteration 4: Trying parallel mapping...  
          cluster_0  cluster_1  cluster_2  cluster_3  cluster_4  cluster_5  cluster_6  cluster_7  prepost 
 worker0  V          V          *          *          V          V          *          *          V       
 worker1  V          V          *          *          V          V          *          *          V       
 worker2  *          V          *          *          *          *          *          *          V       
 worker3  *          *          *          *          *          *          *          *          V       

  00:08
[info] Context:11/13 Iteration 4: Trying parallel mapping...  
          cluster_0  cluster_1  cluster_2  cluster_3  cluster_4  cluster_5  cluster_6  cluster_7  prepost 
 worker0  V          V          *          *          V          V          *          *          V       
 worker1  V          V          *          *          V          V          *          *          V       
 worker2  *          V          *          *          *          *          *          *          V       
 worker3  *          *          *          *          *          *          *          *          V       

  00:08
[info] Context:11/13 Iteration 4: Trying parallel mapping...  
          cluster_0  cluster_1  cluster_2  cluster_3  cluster_4  cluster_5  cluster_6  cluster_7  prepost 
 worker0  V          V          *          *          V          V          *          *          V       
 worker1  V          V          *          *          V          V          *          *          V       
 worker2  *          V          *          *          *          *          *          *          V       
 worker3  *          *          *          *          *          *          *          *          V       

  00:08
[info] Context:11/13 Iteration 4: Trying parallel mapping...  
          cluster_0  cluster_1  cluster_2  cluster_3  cluster_4  cluster_5  cluster_6  cluster_7  prepost 
 worker0  V          V          *          *          V          V          *          *          V       
 worker1  V          V          *          *          V          V          *          *          V       
 worker2  *          V          *          *          *          *          *          *          V       
 worker3  *          *          *          *          *          *          *          *          V       

  00:08
[info] Context:11/13 Iteration 4: Trying parallel mapping...  
          cluster_0  cluster_1  cluster_2  cluster_3  cluster_4  cluster_5  cluster_6  cluster_7  prepost 
 worker0  V          V          *          *          V          V          *          *          V       
 worker1  V          V          *          *          V          V          *          *          V       
 worker2  *          V          *          *          *          *          *          *          V       
 worker3  *          *          *          *          *          *          *          *          V       

  00:08
[info] Context:11/13 Iteration 4: Trying parallel mapping...  
          cluster_0  cluster_1  cluster_2  cluster_3  cluster_4  cluster_5  cluster_6  cluster_7  prepost 
 worker0  V          V          *          *          V          V          *          *          V       
 worker1  V          V          *          *          V          V          *          *          V       
 worker2  *          V          *          *          *          *          *          *          V       
 worker3  *          *          *          *          *          *          *          *          V       

  00:08
[info] Context:11/13 Iteration 4: Trying parallel mapping...  
          cluster_0  cluster_1  cluster_2  cluster_3  cluster_4  cluster_5  cluster_6  cluster_7  prepost 
 worker0  V          V          *          *          V          V          *          *          V       
 worker1  V          V          *          *          V          V          *          *          V       
 worker2  *          V          *          *          *          *          *          *          V       
 worker3  *          *          *          *          *          *          *          *          V       

  00:08
[info] Context:11/13 Iteration 4: Trying parallel mapping...  
          cluster_0  cluster_1  cluster_2  cluster_3  cluster_4  cluster_5  cluster_6  cluster_7  prepost 
 worker0  V          V          *          *          V          V          *          *          V       
 worker1  V          V          *          *          V          V          *          *          V       
 worker2  *          V          *          *          *          *          *          *          V       
 worker3  *          *          *          *          *          *          *          *          V       

  00:08
[info] Context:11/13 Iteration 4: Trying parallel mapping...  
          cluster_0  cluster_1  cluster_2  cluster_3  cluster_4  cluster_5  cluster_6  cluster_7  prepost 
 worker0  V          V          *          *          V          V          *          *          V       
 worker1  V          V          *          *          V          V          *          *          V       
 worker2  *          V          *          *          *          *          *          *          V       
 worker3  *          *          *          *          *          *          *          *          V       

  00:08
[info] Context:11/13 Iteration 4: Trying parallel mapping...  
          cluster_0  cluster_1  cluster_2  cluster_3  cluster_4  cluster_5  cluster_6  cluster_7  prepost 
 worker0  V          V          *          *          V          V          *          *          V       
 worker1  V          V          *          *          V          V          *          *          V       
 worker2  *          V          *          *          *          *          *          *          V       
 worker3  *          *          *          *          *          *          *          *          V       

  00:08


[info] Context:12/13 Iteration 0: Trying parallel splits...   
          cluster_0  cluster_1  cluster_2  cluster_3  cluster_4  cluster_5  cluster_6  cluster_7  prepost 
 worker0                                                                                                  
 worker1                                                                                                  
 worker2                                                                                                  
 worker3                                                                                                  

  00:08
[info] Context:12/13 Iteration 0: Trying parallel splits...   
          cluster_0  cluster_1  cluster_2  cluster_3  cluster_4  cluster_5  cluster_6  cluster_7  prepost 
 worker0                                                                                                  
 worker1  *          *          *          *          *          *          *          *          V       
 worker2                                                                                                  
 worker3                                                                                                  

  00:08
[info] Context:12/13 Iteration 0: Trying parallel splits...   
          cluster_0  cluster_1  cluster_2  cluster_3  cluster_4  cluster_5  cluster_6  cluster_7  prepost 
 worker0                                                                                                  
 worker1  *          *          *          *          *          *          *          *          V       
 worker2                                                                                                  
 worker3                                                                                                  

  00:08
[info] Context:12/13 Iteration 0: Trying parallel splits...   
          cluster_0  cluster_1  cluster_2  cluster_3  cluster_4  cluster_5  cluster_6  cluster_7  prepost 
 worker0                                                                                                  
 worker1  V          V          *          *          *          *          *          *          V       
 worker2                                                                                                  
 worker3                                                                                                  

  00:08
[info] Context:12/13 Iteration 4: Trying parallel mapping...  
          cluster_0  cluster_1  cluster_2  cluster_3  cluster_4  cluster_5  cluster_6  cluster_7  prepost 
 worker0  V          V          *          *          *          *          *          *          V       
 worker1  V          V          *          *          *          *          *          *          V       
 worker2                                                                                                  
 worker3                                                                                                  

  00:08
[info] Context:12/13 Iteration 4: Trying parallel mapping...  
          cluster_0  cluster_1  cluster_2  cluster_3  cluster_4  cluster_5  cluster_6  cluster_7  prepost 
 worker0  V          V          *          *          *          *          *          *          V       
 worker1  V          V          *          *          *          *          *          *          V       
 worker2                                                                                                  
 worker3                                                                                                  

  00:09
[info] Context:12/13 Iteration 4: Trying parallel mapping...  
          cluster_0  cluster_1  cluster_2  cluster_3  cluster_4  cluster_5  cluster_6  cluster_7  prepost 
 worker0  V          V          *          *          *          *          *          *          V       
 worker1  V          V          *          *          *          *          *          *          V       
 worker2                                                                                                  
 worker3                                                                                                  

  00:09
[info] Context:12/13 Iteration 4: Trying parallel mapping...  
          cluster_0  cluster_1  cluster_2  cluster_3  cluster_4  cluster_5  cluster_6  cluster_7  prepost 
 worker0  V          V          *          *          *          *          *          *          V       
 worker1  V          V          *          *          *          *          *          *          V       
 worker2                                                                                                  
 worker3                                                                                                  

  00:09
[info] Context:12/13 Iteration 4: Trying parallel mapping...  
          cluster_0  cluster_1  cluster_2  cluster_3  cluster_4  cluster_5  cluster_6  cluster_7  prepost 
 worker0  V          V          *          *          *          *          *          *          V       
 worker1  V          V          *          *          *          *          *          *          V       
 worker2                                                                                                  
 worker3                                                                                                  

  00:09
[info] Context:12/13 Iteration 4: Trying parallel mapping...  
          cluster_0  cluster_1  cluster_2  cluster_3  cluster_4  cluster_5  cluster_6  cluster_7  prepost 
 worker0  V          V          *          *          *          *          *          *          V       
 worker1  V          V          *          *          *          *          *          *          V       
 worker2                                                                                                  
 worker3                                                                                                  

  00:09
[info] Context:12/13 Iteration 4: Trying parallel mapping...  
          cluster_0  cluster_1  cluster_2  cluster_3  cluster_4  cluster_5  cluster_6  cluster_7  prepost 
 worker0  V          V          *          *          *          *          *          *          V       
 worker1  V          V          *          *          *          *          *          *          V       
 worker2                                                                                                  
 worker3                                                                                                  

  00:09
[info] Context:12/13 Iteration 4: Trying parallel mapping...  
          cluster_0  cluster_1  cluster_2  cluster_3  cluster_4  cluster_5  cluster_6  cluster_7  prepost 
 worker0  V          V          *          *          *          *          *          *          V       
 worker1  V          V          *          *          *          *          *          *          V       
 worker2                                                                                                  
 worker3                                                                                                  

  00:09
[info] Context:12/13 Iteration 4: Trying parallel mapping...  
          cluster_0  cluster_1  cluster_2  cluster_3  cluster_4  cluster_5  cluster_6  cluster_7  prepost 
 worker0  V          V          *          *          *          *          *          *          V       
 worker1  V          V          *          *          *          *          *          *          V       
 worker2                                                                                                  
 worker3                                                                                                  

  00:09
[info] Context:12/13 Iteration 4: Trying parallel mapping...  
          cluster_0  cluster_1  cluster_2  cluster_3  cluster_4  cluster_5  cluster_6  cluster_7  prepost 
 worker0  V          V          *          *          *          *          *          *          V       
 worker1  V          V          *          *          *          *          *          *          V       
 worker2                                                                                                  
 worker3                                                                                                  

  00:09
[info] Context:12/13 Iteration 4: Trying parallel mapping...  
          cluster_0  cluster_1  cluster_2  cluster_3  cluster_4  cluster_5  cluster_6  cluster_7  prepost 
 worker0  V          V          *          *          *          *          *          *          V       
 worker1  V          V          *          *          *          *          *          *          V       
 worker2                                                                                                  
 worker3                                                                                                  

  00:09
[info] Context:12/13 Iteration 4: Trying parallel mapping...  
          cluster_0  cluster_1  cluster_2  cluster_3  cluster_4  cluster_5  cluster_6  cluster_7  prepost 
 worker0  V          V          *          *          *          *          *          *          V       
 worker1  V          V          *          *          *          *          *          *          V       
 worker2                                                                                                  
 worker3                                                                                                  

  00:09
[info] Context:12/13 Iteration 4: Trying parallel mapping...  
          cluster_0  cluster_1  cluster_2  cluster_3  cluster_4  cluster_5  cluster_6  cluster_7  prepost 
 worker0  V          V          *          *          *          *          *          *          V       
 worker1  V          V          *          *          *          *          *          *          V       
 worker2                                                                                                  
 worker3                                                                                                  

  00:09
[info] Context:12/13 Iteration 4: Trying parallel mapping...  
          cluster_0  cluster_1  cluster_2  cluster_3  cluster_4  cluster_5  cluster_6  cluster_7  prepost 
 worker0  V          V          *          *          *          *          *          *          V       
 worker1  V          V          *          *          *          *          *          *          V       
 worker2                                                                                                  
 worker3                                                                                                  

  00:09


[info] Context:13/13 Iteration 0: Trying parallel splits...   
          cluster_0  cluster_1  cluster_2  cluster_3  cluster_4  cluster_5  cluster_6  cluster_7  prepost 
 worker0                                                                                                  
 worker1                                                                                                  
 worker2                                                                                                  
 worker3                                                                                                  

  00:10
[info] Context:13/13 Iteration 4: Trying parallel mapping...  
          cluster_0  cluster_1  cluster_2  cluster_3  cluster_4  cluster_5  cluster_6  cluster_7  prepost 
 worker0  *          *          *          *          *          *          *          *          V       
 worker1                                                                                                  
 worker2                                                                                                  
 worker3                                                                                                  

  00:10
[info] Context:13/13 Iteration 4: Trying parallel mapping...  
          cluster_0  cluster_1  cluster_2  cluster_3  cluster_4  cluster_5  cluster_6  cluster_7  prepost 
 worker0  *          *          *          *          *          *          *          *          V       
 worker1                                                                                                  
 worker2  *          *          *          *          *          *          *          *          V       
 worker3                                                                                                  

  00:10
[info] Context:13/13 Iteration 4: Trying parallel mapping...  
          cluster_0  cluster_1  cluster_2  cluster_3  cluster_4  cluster_5  cluster_6  cluster_7  prepost 
 worker0  *          *          *          *          *          *          *          *          V       
 worker1                                                                                                  
 worker2  *          *          *          *          *          *          *          *          V       
 worker3                                                                                                  

  00:10
[info] Context:13/13 Iteration 4: Trying parallel mapping...  
          cluster_0  cluster_1  cluster_2  cluster_3  cluster_4  cluster_5  cluster_6  cluster_7  prepost 
 worker0  *          *          *          *          *          *          *          *          V       
 worker1  *          V          *          *          V          *          *          *          V       
 worker2  *          *          *          *          *          *          *          *          V       
 worker3                                                                                                  

  00:10
[info] Context:13/13 Iteration 4: Trying parallel mapping...  
          cluster_0  cluster_1  cluster_2  cluster_3  cluster_4  cluster_5  cluster_6  cluster_7  prepost 
 worker0  *          *          *          *          *          *          *          *          V       
 worker1  *          V          *          *          V          *          *          *          V       
 worker2  *          V          *          *          V          *          *          *          V       
 worker3                                                                                                  

  00:10
[info] Context:13/13 Iteration 4: Trying parallel mapping...  
          cluster_0  cluster_1  cluster_2  cluster_3  cluster_4  cluster_5  cluster_6  cluster_7  prepost 
 worker0  *          *          *          *          *          *          *          *          V       
 worker1  *          V          *          *          V          *          *          *          V       
 worker2  *          V          *          *          V          *          *          *          V       
 worker3                                                                                                  

  00:10
[info] Context:13/13 Iteration 4: Trying parallel mapping...  
          cluster_0  cluster_1  cluster_2  cluster_3  cluster_4  cluster_5  cluster_6  cluster_7  prepost 
 worker0  *          *          *          *          *          *          *          *          V       
 worker1  *          V          *          *          V          *          *          *          V       
 worker2  *          V          *          *          V          *          *          *          V       
 worker3                                                                                                  

  00:10
[info] Context:13/13 Iteration 4: Trying parallel mapping...  
          cluster_0  cluster_1  cluster_2  cluster_3  cluster_4  cluster_5  cluster_6  cluster_7  prepost 
 worker0  *          *          *          *          *          *          *          *          V       
 worker1  *          V          *          *          V          *          *          *          V       
 worker2  *          V          *          *          V          *          *          *          V       
 worker3                                                                                                  

  00:10
[info] Context:13/13 Iteration 4: Trying parallel mapping...  
          cluster_0  cluster_1  cluster_2  cluster_3  cluster_4  cluster_5  cluster_6  cluster_7  prepost 
 worker0  *          *          *          *          *          *          *          *          V       
 worker1  *          V          *          *          V          *          *          *          V       
 worker2  *          V          *          *          V          *          *          *          V       
 worker3                                                                                                  

  00:10
[info] Context:13/13 Iteration 4: Trying parallel mapping...  
          cluster_0  cluster_1  cluster_2  cluster_3  cluster_4  cluster_5  cluster_6  cluster_7  prepost 
 worker0  *          *          *          *          *          *          *          *          V       
 worker1  *          V          *          *          V          *          *          *          V       
 worker2  *          V          *          *          V          *          *          *          V       
 worker3                                                                                                  

  00:10
[info] Context:13/13 Iteration 4: Trying parallel mapping...  
          cluster_0  cluster_1  cluster_2  cluster_3  cluster_4  cluster_5  cluster_6  cluster_7  prepost 
 worker0  *          *          *          *          *          *          *          *          V       
 worker1  *          V          *          *          V          *          *          *          V       
 worker2  *          V          *          *          V          *          *          *          V       
 worker3                                                                                                  

  00:10
[info] Context:13/13 Iteration 4: Trying parallel mapping...  
          cluster_0  cluster_1  cluster_2  cluster_3  cluster_4  cluster_5  cluster_6  cluster_7  prepost 
 worker0  *          *          *          *          *          *          *          *          V       
 worker1  *          V          *          *          V          *          *          *          V       
 worker2  *          V          *          *          V          *          *          *          V       
 worker3                                                                                                  

  00:10
[info] Context:13/13 Iteration 4: Trying parallel mapping...  
          cluster_0  cluster_1  cluster_2  cluster_3  cluster_4  cluster_5  cluster_6  cluster_7  prepost 
 worker0  *          *          *          *          *          *          *          *          V       
 worker1  *          V          *          *          V          *          *          *          V       
 worker2  *          V          *          *          V          *          *          *          V       
 worker3                                                                                                  

  00:10
[info] Context:13/13 Iteration 4: Trying parallel mapping...  
          cluster_0  cluster_1  cluster_2  cluster_3  cluster_4  cluster_5  cluster_6  cluster_7  prepost 
 worker0  *          *          *          *          *          *          *          *          V       
 worker1  *          V          *          *          V          *          *          *          V       
 worker2  *          V          *          *          V          *          *          *          V       
 worker3                                                                                                  

  00:11
[info] Context:13/13 Iteration 4: Trying parallel mapping...  
          cluster_0  cluster_1  cluster_2  cluster_3  cluster_4  cluster_5  cluster_6  cluster_7  prepost 
 worker0  *          *          *          *          *          *          *          *          V       
 worker1  V          V          *          *          V          *          *          *          V       
 worker2  *          V          *          *          V          *          *          *          V       
 worker3                                                                                                  

  00:13
[info] Context:13/13 Iteration 4: Trying parallel mapping...  
          cluster_0  cluster_1  cluster_2  cluster_3  cluster_4  cluster_5  cluster_6  cluster_7  prepost 
 worker0  V          V          *          *          *          *          *          *          V       
 worker1  V          V          *          *          V          *          *          *          V       
 worker2  *          V          *          *          V          *          *          *          V       
 worker3                                                                                                  

  00:13
[info] Context:13/13 Iteration 4: Trying parallel mapping...  
          cluster_0  cluster_1  cluster_2  cluster_3  cluster_4  cluster_5  cluster_6  cluster_7  prepost 
 worker0  V          V          *          *          *          *          *          *          V       
 worker1  V          V          *          *          V          *          *          *          V       
 worker2  V          V          *          *          V          *          *          *          V       
 worker3                                                                                                  

  00:14
[info] Context:13/13 Iteration 4: Trying parallel mapping...  
          cluster_0  cluster_1  cluster_2  cluster_3  cluster_4  cluster_5  cluster_6  cluster_7  prepost 
 worker0  V          V          *          *          *          *          *          *          V       
 worker1  V          V          *          *          V          *          *          *          V       
 worker2  V          V          *          *          V          *          *          *          V       
 worker3  V          V          *          *          *          *          *          *          V       

  00:14

[info] segformer_b0_ade_context_0 (segformer_b0_ade_context_0):
Iterations: 4
Reverts on cluster mapping: 0
Reverts on inter-cluster connectivity: 0
Reverts on pre-mapping validation: 0
Reverts on split failed: 0
[info] segformer_b0_ade_context_1 (segformer_b0_ade_context_1):
Iterations: 4
Reverts on cluster mapping: 0
Reverts on inter-cluster connectivity: 0
Reverts on pre-mapping validation: 0
Reverts on split failed: 0
[info] segformer_b0_ade_context_2 (segformer_b0_ade_context_2):
Iterations: 4
Reverts on cluster mapping: 0
Reverts on inter-cluster connectivity: 0
Reverts on pre-mapping validation: 0
Reverts on split failed: 0
[info] segformer_b0_ade_context_3 (segformer_b0_ade_context_3):
Iterations: 4
Reverts on cluster mapping: 0
Reverts on inter-cluster connectivity: 0
Reverts on pre-mapping validation: 0
Reverts on split failed: 0
[info] segformer_b0_ade_context_4 (segformer_b0_ade_context_4):
Iterations: 4
Reverts on cluster mapping: 0
Reverts on inter-cluster connectivity: 0
Reverts on pre-mapping validation: 0
Reverts on split failed: 0
[info] segformer_b0_ade_context_5 (segformer_b0_ade_context_5):
Iterations: 4
Reverts on cluster mapping: 0
Reverts on inter-cluster connectivity: 0
Reverts on pre-mapping validation: 1
Reverts on split failed: 0
[info] segformer_b0_ade_context_6 (segformer_b0_ade_context_6):
Iterations: 4
Reverts on cluster mapping: 0
Reverts on inter-cluster connectivity: 0
Reverts on pre-mapping validation: 0
Reverts on split failed: 0
[info] segformer_b0_ade_context_7 (segformer_b0_ade_context_7):
Iterations: 4
Reverts on cluster mapping: 0
Reverts on inter-cluster connectivity: 0
Reverts on pre-mapping validation: 0
Reverts on split failed: 0
[info] segformer_b0_ade_context_8 (segformer_b0_ade_context_8):
Iterations: 4
Reverts on cluster mapping: 0
Reverts on inter-cluster connectivity: 0
Reverts on pre-mapping validation: 0
Reverts on split failed: 0
[info] segformer_b0_ade_context_9 (segformer_b0_ade_context_9):
Iterations: 4
Reverts on cluster mapping: 0
Reverts on inter-cluster connectivity: 0
Reverts on pre-mapping validation: 0
Reverts on split failed: 0
[info] segformer_b0_ade_context_10 (segformer_b0_ade_context_10):
Iterations: 4
Reverts on cluster mapping: 0
Reverts on inter-cluster connectivity: 0
Reverts on pre-mapping validation: 0
Reverts on split failed: 0
[info] segformer_b0_ade_context_11 (segformer_b0_ade_context_11):
Iterations: 4
Reverts on cluster mapping: 0
Reverts on inter-cluster connectivity: 0
Reverts on pre-mapping validation: 0
Reverts on split failed: 0
[info] segformer_b0_ade_context_12 (segformer_b0_ade_context_12):
Iterations: 4
Reverts on cluster mapping: 0
Reverts on inter-cluster connectivity: 0
Reverts on pre-mapping validation: 0
Reverts on split failed: 0
[info] segformer_b0_ade_context_13 (segformer_b0_ade_context_13):
Iterations: 4
Reverts on cluster mapping: 0
Reverts on inter-cluster connectivity: 0
Reverts on pre-mapping validation: 0
Reverts on split failed: 0
[info] segformer_b0_ade_context_0 utilization: 
[info] +-----------+---------------------+---------------------+--------------------+
[info] | Cluster   | Control Utilization | Compute Utilization | Memory Utilization |
[info] +-----------+---------------------+---------------------+--------------------+
[info] | cluster_0 | 100%                | 25%                 | 28.9%              |
[info] | cluster_1 | 25%                 | 6.3%                | 9.4%               |
[info] | cluster_4 | 100%                | 28.1%               | 32%                |
[info] | cluster_5 | 18.8%               | 4.7%                | 4.7%               |
[info] +-----------+---------------------+---------------------+--------------------+
[info] | Total     | 60.9%               | 16%                 | 18.8%              |
[info] +-----------+---------------------+---------------------+--------------------+
[info] segformer_b0_ade_context_1 utilization: 
[info] +-----------+---------------------+---------------------+--------------------+
[info] | Cluster   | Control Utilization | Compute Utilization | Memory Utilization |
[info] +-----------+---------------------+---------------------+--------------------+
[info] | cluster_0 | 68.8%               | 17.2%               | 25%                |
[info] | cluster_1 | 62.5%               | 25%                 | 35.2%              |
[info] | cluster_4 | 37.5%               | 9.4%                | 11.7%              |
[info] | cluster_5 | 75%                 | 25%                 | 26.6%              |
[info] +-----------+---------------------+---------------------+--------------------+
[info] | Total     | 60.9%               | 19.1%               | 24.6%              |
[info] +-----------+---------------------+---------------------+--------------------+
[info] segformer_b0_ade_context_2 utilization: 
[info] +-----------+---------------------+---------------------+--------------------+
[info] | Cluster   | Control Utilization | Compute Utilization | Memory Utilization |
[info] +-----------+---------------------+---------------------+--------------------+
[info] | cluster_0 | 68.8%               | 18.8%               | 21.9%              |
[info] | cluster_1 | 31.3%               | 7.8%                | 8.6%               |
[info] | cluster_4 | 50%                 | 15.6%               | 35.9%              |
[info] | cluster_5 | 93.8%               | 28.1%               | 34.4%              |
[info] +-----------+---------------------+---------------------+--------------------+
[info] | Total     | 60.9%               | 17.6%               | 25.2%              |
[info] +-----------+---------------------+---------------------+--------------------+
[info] segformer_b0_ade_context_3 utilization: 
[info] +-----------+---------------------+---------------------+--------------------+
[info] | Cluster   | Control Utilization | Compute Utilization | Memory Utilization |
[info] +-----------+---------------------+---------------------+--------------------+
[info] | cluster_0 | 50%                 | 15.6%               | 15.6%              |
[info] | cluster_1 | 81.3%               | 29.7%               | 32.8%              |
[info] | cluster_4 | 25%                 | 9.4%                | 10.2%              |
[info] | cluster_5 | 87.5%               | 21.9%               | 21.9%              |
[info] +-----------+---------------------+---------------------+--------------------+
[info] | Total     | 60.9%               | 19.1%               | 20.1%              |
[info] +-----------+---------------------+---------------------+--------------------+
[info] segformer_b0_ade_context_4 utilization: 
[info] +-----------+---------------------+---------------------+--------------------+
[info] | Cluster   | Control Utilization | Compute Utilization | Memory Utilization |
[info] +-----------+---------------------+---------------------+--------------------+
[info] | cluster_0 | 75%                 | 31.3%               | 30.5%              |
[info] | cluster_1 | 56.3%               | 15.6%               | 20.3%              |
[info] | cluster_4 | 12.5%               | 14.1%               | 11.7%              |
[info] | cluster_5 | 100%                | 26.6%               | 42.2%              |
[info] +-----------+---------------------+---------------------+--------------------+
[info] | Total     | 60.9%               | 21.9%               | 26.2%              |
[info] +-----------+---------------------+---------------------+--------------------+
[info] segformer_b0_ade_context_5 utilization: 
[info] +-----------+---------------------+---------------------+--------------------+
[info] | Cluster   | Control Utilization | Compute Utilization | Memory Utilization |
[info] +-----------+---------------------+---------------------+--------------------+
[info] | cluster_0 | 100%                | 29.7%               | 50%                |
[info] | cluster_1 | 43.8%               | 14.1%               | 18%                |
[info] | cluster_4 | 100%                | 25%                 | 27.3%              |
[info] +-----------+---------------------+---------------------+--------------------+
[info] | Total     | 60.9%               | 17.2%               | 23.8%              |
[info] +-----------+---------------------+---------------------+--------------------+
[info] segformer_b0_ade_context_6 utilization: 
[info] +-----------+---------------------+---------------------+--------------------+
[info] | Cluster   | Control Utilization | Compute Utilization | Memory Utilization |
[info] +-----------+---------------------+---------------------+--------------------+
[info] | cluster_0 | 37.5%               | 9.4%                | 9.4%               |
[info] | cluster_1 | 100%                | 31.3%               | 28.9%              |
[info] | cluster_4 | 87.5%               | 37.5%               | 39.1%              |
[info] | cluster_5 | 18.8%               | 4.7%                | 7.8%               |
[info] +-----------+---------------------+---------------------+--------------------+
[info] | Total     | 60.9%               | 20.7%               | 21.3%              |
[info] +-----------+---------------------+---------------------+--------------------+
[info] segformer_b0_ade_context_7 utilization: 
[info] +-----------+---------------------+---------------------+--------------------+
[info] | Cluster   | Control Utilization | Compute Utilization | Memory Utilization |
[info] +-----------+---------------------+---------------------+--------------------+
[info] | cluster_0 | 100%                | 29.7%               | 60.2%              |
[info] | cluster_1 | 68.8%               | 18.8%               | 20.3%              |
[info] | cluster_4 | 75%                 | 21.9%               | 30.5%              |
[info] +-----------+---------------------+---------------------+--------------------+
[info] | Total     | 60.9%               | 17.6%               | 27.7%              |
[info] +-----------+---------------------+---------------------+--------------------+
[info] segformer_b0_ade_context_8 utilization: 
[info] +-----------+---------------------+---------------------+--------------------+
[info] | Cluster   | Control Utilization | Compute Utilization | Memory Utilization |
[info] +-----------+---------------------+---------------------+--------------------+
[info] | cluster_0 | 100%                | 37.5%               | 37.5%              |
[info] | cluster_1 | 18.8%               | 4.7%                | 10.2%              |
[info] | cluster_4 | 25%                 | 7.8%                | 15.6%              |
[info] | cluster_5 | 100%                | 25%                 | 35.9%              |
[info] +-----------+---------------------+---------------------+--------------------+
[info] | Total     | 60.9%               | 18.8%               | 24.8%              |
[info] +-----------+---------------------+---------------------+--------------------+
[info] segformer_b0_ade_context_9 utilization: 
[info] +-----------+---------------------+---------------------+--------------------+
[info] | Cluster   | Control Utilization | Compute Utilization | Memory Utilization |
[info] +-----------+---------------------+---------------------+--------------------+
[info] | cluster_0 | 56.3%               | 15.6%               | 21.1%              |
[info] | cluster_1 | 68.8%               | 18.8%               | 26.6%              |
[info] | cluster_4 | 87.5%               | 31.3%               | 42.2%              |
[info] | cluster_5 | 31.3%               | 7.8%                | 10.2%              |
[info] +-----------+---------------------+---------------------+--------------------+
[info] | Total     | 60.9%               | 18.4%               | 25%                |
[info] +-----------+---------------------+---------------------+--------------------+
[info] segformer_b0_ade_context_10 utilization: 
[info] +-----------+---------------------+---------------------+--------------------+
[info] | Cluster   | Control Utilization | Compute Utilization | Memory Utilization |
[info] +-----------+---------------------+---------------------+--------------------+
[info] | cluster_0 | 43.8%               | 10.9%               | 16.4%              |
[info] | cluster_1 | 62.5%               | 31.3%               | 32.8%              |
[info] | cluster_4 | 50%                 | 17.2%               | 25%                |
[info] | cluster_5 | 87.5%               | 21.9%               | 34.4%              |
[info] +-----------+---------------------+---------------------+--------------------+
[info] | Total     | 60.9%               | 20.3%               | 27.1%              |
[info] +-----------+---------------------+---------------------+--------------------+
[info] segformer_b0_ade_context_11 utilization: 
[info] +-----------+---------------------+---------------------+--------------------+
[info] | Cluster   | Control Utilization | Compute Utilization | Memory Utilization |
[info] +-----------+---------------------+---------------------+--------------------+
[info] | cluster_0 | 68.8%               | 17.2%               | 21.9%              |
[info] | cluster_1 | 87.5%               | 21.9%               | 38.3%              |
[info] | cluster_4 | 6.3%                | 1.6%                | 1.6%               |
[info] | cluster_5 | 81.3%               | 40.6%               | 40.6%              |
[info] +-----------+---------------------+---------------------+--------------------+
[info] | Total     | 60.9%               | 20.3%               | 25.6%              |
[info] +-----------+---------------------+---------------------+--------------------+
[info] segformer_b0_ade_context_12 utilization: 
[info] +-----------+---------------------+---------------------+--------------------+
[info] | Cluster   | Control Utilization | Compute Utilization | Memory Utilization |
[info] +-----------+---------------------+---------------------+--------------------+
[info] | cluster_0 | 43.8%               | 12.5%               | 25%                |
[info] | cluster_1 | 6.3%                | 1.6%                | 1.6%               |
[info] +-----------+---------------------+---------------------+--------------------+
[info] | Total     | 12.5%               | 3.5%                | 6.6%               |
[info] +-----------+---------------------+---------------------+--------------------+
[info] segformer_b0_ade_context_13 utilization: 
[info] +-----------+---------------------+---------------------+--------------------+
[info] | Cluster   | Control Utilization | Compute Utilization | Memory Utilization |
[info] +-----------+---------------------+---------------------+--------------------+
[info] | cluster_0 | 75%                 | 93.8%               | 71.9%              |
[info] | cluster_1 | 12.5%               | 3.1%                | 17.2%              |
[info] +-----------+---------------------+---------------------+--------------------+
[info] | Total     | 21.9%               | 24.2%               | 22.3%              |
[info] +-----------+---------------------+---------------------+--------------------+
[info] Successful Mapping (allocation time: 7m 59s)
[info] Compiling kernels of segformer_b0_ade_context_0...
[info] Compiling kernels of segformer_b0_ade_context_1...
[info] Compiling kernels of segformer_b0_ade_context_2...
[info] Compiling kernels of segformer_b0_ade_context_3...
[info] Compiling kernels of segformer_b0_ade_context_4...
[info] Compiling kernels of segformer_b0_ade_context_5...
[info] Compiling kernels of segformer_b0_ade_context_6...
[info] Compiling kernels of segformer_b0_ade_context_7...
[info] Compiling kernels of segformer_b0_ade_context_8...
[info] Compiling kernels of segformer_b0_ade_context_9...
[info] Compiling kernels of segformer_b0_ade_context_10...
[info] Compiling kernels of segformer_b0_ade_context_11...
[info] Compiling kernels of segformer_b0_ade_context_12...
[info] Compiling kernels of segformer_b0_ade_context_13...
[info] Bandwidth of model inputs: 6.0 Mbps, outputs: 18.75 Mbps (for a single frame)
[info] Bandwidth of DDR buffers: 0.0 Mbps (for a single frame)
[info] Bandwidth of inter context tensors: 439.633 Mbps (for a single frame)
[info] Compiling kernels of segformer_b0_ade_context_0...
[info] Compiling kernels of segformer_b0_ade_context_1...
[info] Compiling kernels of segformer_b0_ade_context_2...
[info] Compiling kernels of segformer_b0_ade_context_3...
[info] Compiling kernels of segformer_b0_ade_context_4...
[info] Compiling kernels of segformer_b0_ade_context_5...
[info] Compiling kernels of segformer_b0_ade_context_6...
[info] Compiling kernels of segformer_b0_ade_context_7...
[info] Compiling kernels of segformer_b0_ade_context_8...
[info] Compiling kernels of segformer_b0_ade_context_9...
[info] Compiling kernels of segformer_b0_ade_context_10...
[info] Compiling kernels of segformer_b0_ade_context_11...
[info] Compiling kernels of segformer_b0_ade_context_12...
[info] Compiling kernels of segformer_b0_ade_context_13...
[info] Bandwidth of model inputs: 6.0 Mbps, outputs: 18.75 Mbps (for a single frame)
[info] Bandwidth of DDR buffers: 0.0 Mbps (for a single frame)
[info] Bandwidth of inter context tensors: 439.633 Mbps (for a single frame)
[info] Building HEF...
[info] Successful Compilation (compilation time: 23s)
[warning] list index out of range
[segformer] compile: ok (544.9s)
[segformer] HEF written: build/segformer/segformer_b0_ade-hailo8l.hef (20.0 MB)

[segformer] VERDICT hailo8l: HEF; reached ['translate', 'optimize', 'compile']
